"","term","taxon","rank","formula","estimate","std.error","statistic","p.value","p.adj.BY.rank","avg_abundance","prevalence"
"1","Age2< 2.5 yrs","Streptococcus","Genus","`Streptococcus`~Age2",2.37210512228872,0.18611158303234,12.7456071440568,2.05034617324545e-24,7.81148130494555e-22,0.515384810447449,1
"2","Age2< 2.5 yrs","Gemella","Genus","`Gemella`~Age2",1.35182531137874,0.385249603646516,3.50895964222484,0.000624478586362715,0.0200350365123275,0.0596002499622089,0.9921875
"3","Age2< 2.5 yrs","Granulicatella","Genus","`Granulicatella`~Age2",0.195315384901206,0.377209138130909,0.517790703239597,0.60551224148508,1,0.0532882555610335,0.9921875
"4","Age2< 2.5 yrs","Neisseria","Genus","`Neisseria`~Age2",-5.08211092994107,0.859094475891138,-5.91566011953388,2.91732976820207e-08,2.33990442990465e-06,0.0398907046340291,0.9140625
"5","Age2< 2.5 yrs","Actinomyces","Genus","`Actinomyces`~Age2",1.40599071024294,0.582650892007375,2.41309286492116,0.0172573446160431,0.37040924704043,0.0137311728923932,0.96875
"6","Age2< 2.5 yrs","Peptostreptococcus","Genus","`Peptostreptococcus`~Age2",-0.539978563072898,1.05916099355539,-0.509817267024059,0.611071320541278,1,0.00265507125583515,0.6015625
"7","Age2< 2.5 yrs","Prevotella_7","Genus","`Prevotella_7`~Age2",-7.47190102476397,0.890479627708766,-8.3908725054041,8.36141071827183e-14,1.34128833793063e-11,0.0211020208986906,0.8359375
"8","Age2< 2.5 yrs","Alloprevotella","Genus","`Alloprevotella`~Age2",-7.49662435624397,0.961786708079099,-7.79447698046939,2.09567121737813e-12,2.66138741991872e-10,0.0299294279086778,0.8203125
"9","Age2< 2.5 yrs","Haemophilus","Genus","`Haemophilus`~Age2",-4.79568504465342,0.853799493192641,-5.61687501912276,1.18460638453848e-07,8.39656793459895e-06,0.0413820242307318,0.921875
"10","Age2< 2.5 yrs","Fusobacterium","Genus","`Fusobacterium`~Age2",-4.59697634881105,0.822822598657822,-5.58683774158559,1.36086853520887e-07,9.23552749947676e-06,0.0107012094052059,0.890625
"11","Age2< 2.5 yrs","Actinobacillus","Genus","`Actinobacillus`~Age2",-6.04763605881776,1.1012225785554,-5.49174724218887,2.1054875718797e-07,1.36537207728029e-05,0.00668869600921712,0.53125
"12","Age2< 2.5 yrs","Lactococcus","Genus","`Lactococcus`~Age2",1.0917414348054,0.759063378754769,1.43827441207397,0.152835404765676,1,0.0038958384473281,0.125
"13","Age2< 2.5 yrs","Helicobacter","Genus","`Helicobacter`~Age2",-3.40239587023018,0.922891200363763,-3.68667061609116,0.000336292176119627,0.011263453330167,0.00203829792657185,0.2890625
"14","Age2< 2.5 yrs","Ralstonia","Genus","`Ralstonia`~Age2",3.88016894675472,0.936361167518869,4.14388067484284,6.21800675337895e-05,0.00231117871783985,0.00226331358202633,0.3125
"15","Age2< 2.5 yrs","Burkholderia-Caballeronia-Paraburkholderia","Genus","`Burkholderia-Caballeronia-Paraburkholderia`~Age2",6.1933927053363,0.86695824277979,7.14381892890018,6.43767097146623e-11,7.00756181666069e-09,0.00274966701706068,0.5703125
"16","Age2< 2.5 yrs","Abiotrophia","Genus","`Abiotrophia`~Age2",0.0834661219659115,0.781121686582399,0.106854185973374,0.915074606374809,1,0.00458306445366932,0.890625
"17","Age2< 2.5 yrs","Lachnoanaerobaculum","Genus","`Lachnoanaerobaculum`~Age2",0.41380743704464,0.813073795378166,0.508942041173736,0.611682919939257,1,0.0042198598064679,0.8828125
"18","Age2< 2.5 yrs","Klebsiella","Genus","`Klebsiella`~Age2",-1.2759559997549,0.421230119066417,-3.02911862661397,0.00297623437744971,0.0809925921707183,6.23549427203711e-05,0.0703125
"19","Age2< 2.5 yrs","Prevotella","Genus","`Prevotella`~Age2",-9.06344180968739,0.92997484434428,-9.74589997224922,4.55667397623962e-17,1.06831861760986e-14,0.0121002707175293,0.6796875
"20","Age2< 2.5 yrs","Rothia","Genus","`Rothia`~Age2",-0.152596111558748,0.490845403923549,-0.310884262822833,0.756402321216607,1,0.013230491076075,0.984375
"21","Age2< 2.5 yrs","Veillonella","Genus","`Veillonella`~Age2",-4.84024882377116,0.606034652146547,-7.98675258358118,7.47436373253763e-13,9.90472872124393e-11,0.0175668782979259,0.953125
"22","Age2< 2.5 yrs","Mogibacterium","Genus","`Mogibacterium`~Age2",-2.35285062272088,0.833224613859855,-2.82378914830836,0.00551847615984751,0.141341078877026,0.000330731409847818,0.453125
"23","Age2< 2.5 yrs","Porphyromonas","Genus","`Porphyromonas`~Age2",-7.40618440816356,0.95622870312724,-7.74520194169288,2.72593028004231e-12,3.3233105627123e-10,0.012992197440851,0.765625
"24","Age2< 2.5 yrs","Oribacterium","Genus","`Oribacterium`~Age2",-2.69126605594337,0.927181824702904,-2.90263029779054,0.00436972672674511,0.115811751643735,0.0012642274337386,0.6796875
"25","Age2< 2.5 yrs","Pseudomonas","Genus","`Pseudomonas`~Age2",6.53491840866644,0.916031423965845,7.1339456679055,6.77532938819226e-11,7.12079705554778e-09,0.0183436428524646,0.7890625
"26","Age2< 2.5 yrs","Bergeyella","Genus","`Bergeyella`~Age2",-4.87539143335455,0.985297101329865,-4.94814348562905,2.34761590376263e-06,0.000117298754479214,0.00357018962804701,0.65625
"27","Age2< 2.5 yrs","Parvimonas","Genus","`Parvimonas`~Age2",-3.40071021477596,0.883277527314077,-3.85010385707088,0.00018681730778601,0.00639769151335194,0.00077622265521824,0.578125
"28","Age2< 2.5 yrs","Leuconostoc","Genus","`Leuconostoc`~Age2",0.998136063274806,0.596087751480913,1.67447839818055,0.0965170338855973,1,0.00401966909674828,0.078125
"29","Age2< 2.5 yrs","Dolosigranulum","Genus","`Dolosigranulum`~Age2",2.05902889177755,0.930348022925688,2.21318134831143,0.0286854485824672,0.594758289423797,0.00261996878680707,0.75
"30","Age2< 2.5 yrs","Escherichia-Shigella","Genus","`Escherichia-Shigella`~Age2",-3.95318993313284,0.786254001526123,-5.02787893665365,1.66360618681651e-06,8.74215950099716e-05,0.000951884025160793,0.328125
"31","Age2< 2.5 yrs","Bifidobacterium","Genus","`Bifidobacterium`~Age2",-0.220482123788424,0.738365469834657,-0.298608389471135,0.765730764808834,1,0.000443439506608898,0.234375
"32","Age2< 2.5 yrs","Aggregatibacter","Genus","`Aggregatibacter`~Age2",-8.13173910389636,0.778923952330948,-10.4397086256777,9.14977681834645e-19,2.53521040384047e-16,0.0014468106620773,0.40625
"33","Age2< 2.5 yrs","Lactobacillus","Genus","`Lactobacillus`~Age2",1.34575973085915,0.765814455023207,1.75729215090145,0.0812968552837215,1,0.00231559822166615,0.1875
"34","Age2< 2.5 yrs","Leptotrichia","Genus","`Leptotrichia`~Age2",-3.69866459319404,0.707789000212753,-5.22565989593263,6.98097981115139e-07,3.86856488362516e-05,0.0173806757523679,0.953125
"35","Age2< 2.5 yrs","Staphylococcus","Genus","`Staphylococcus`~Age2",0.278499745081313,0.84459832310684,0.329742242509856,0.742142285205558,1,0.000481346038352563,0.328125
"36","Age2< 2.5 yrs","Methylobacterium-Methylorubrum","Genus","`Methylobacterium-Methylorubrum`~Age2",1.06176937280111,0.759071135961696,1.39877453179129,0.164337278359633,1,0.00293951310962026,0.21875
"37","Age2< 2.5 yrs","Filifactor","Genus","`Filifactor`~Age2",-3.22470933906696,0.659093622248915,-4.89264230484256,2.97772661628189e-06,0.000144059023341402,0.000166942176549534,0.234375
"38","Age2< 2.5 yrs","Moraxella","Genus","`Moraxella`~Age2",-6.39753720861334,1.03181981428454,-6.20024651595721,7.41928871793743e-09,6.46086133411175e-07,0.0166199923631863,0.6875
"39","Age2< 2.5 yrs","Corynebacterium","Genus","`Corynebacterium`~Age2",2.08009869142474,0.711055936329638,2.9253657625895,0.00408180367432866,0.109129823713746,0.00411875519774451,0.90625
"40","Age2< 2.5 yrs","[Eubacterium] nodatum group","Genus","`[Eubacterium] nodatum group`~Age2",-3.16523958081003,0.95603659240915,-3.31079333776736,0.001213818285696,0.0359180411506992,0.000761850844037256,0.3671875
"41","Age2< 2.5 yrs","Ligilactobacillus","Genus","`Ligilactobacillus`~Age2",0.718725303547259,0.595864715598394,1.20618872830133,0.230004697063222,1,0.000471437783864159,0.1484375
"42","Age2< 2.5 yrs","Campylobacter","Genus","`Campylobacter`~Age2",-6.82331953099719,0.808161244422674,-8.44301750187435,6.28951322916108e-14,1.0649782113846e-11,0.00135024747652578,0.5390625
"43","Age2< 2.5 yrs","Allorhizobium-Neorhizobium-Pararhizobium-Rhizobium","Genus","`Allorhizobium-Neorhizobium-Pararhizobium-Rhizobium`~Age2",2.28829655310374,0.864171396568531,2.6479660888918,0.00913277901057302,0.208486672221115,0.0031844464183643,0.3203125
"44","Age2< 2.5 yrs","[Eubacterium] brachy group","Genus","`[Eubacterium] brachy group`~Age2",-3.59989921782024,0.609110811240954,-5.91008918473486,2.99560058296912e-08,2.34107588882909e-06,0.000143533797830903,0.2890625
"45","Age2< 2.5 yrs","Solobacterium","Genus","`Solobacterium`~Age2",-6.24183108367113,0.66656810231618,-9.36413107975331,3.86275396576083e-16,7.35822827941866e-14,0.000475708885530996,0.4140625
"46","Age2< 2.5 yrs","Lautropia","Genus","`Lautropia`~Age2",-4.44067316349251,0.900102863691049,-4.93351742631131,2.49981015988758e-06,0.000122888581731483,0.00112099138271896,0.5703125
"47","Age2< 2.5 yrs","Peptococcus","Genus","`Peptococcus`~Age2",-2.91246684275105,0.756060774704675,-3.85215969429004,0.000185420246083322,0.00639769151335194,0.000275091243793244,0.3515625
"48","Age2< 2.5 yrs","Streptobacillus","Genus","`Streptobacillus`~Age2",-5.43006984446413,1.01420964776992,-5.35399151093066,3.93271048848285e-07,2.26158179489699e-05,0.00682290115337143,0.71875
"49","Age2< 2.5 yrs","Atopobium","Genus","`Atopobium`~Age2",-0.219902496940405,0.871629291934594,-0.252289016644137,0.801228759664787,1,0.00282172932078567,0.8359375
"50","Age2< 2.5 yrs","Enterococcus","Genus","`Enterococcus`~Age2",0.276425124540145,0.685486505690088,0.403253925854987,0.687444897349858,1,0.00117889519064904,0.109375
"51","Age2< 2.5 yrs","Ureaplasma","Genus","`Ureaplasma`~Age2",0.877076709102829,0.624531742038966,1.40437491013564,0.162667489994532,1,0.000179888076473099,0.1640625
"52","Age2< 2.5 yrs","Capnocytophaga","Genus","`Capnocytophaga`~Age2",-6.46728613973575,0.795617813316463,-8.12863416516209,3.47605579004332e-13,4.81570915783295e-11,0.00125198367930389,0.5703125
"53","Age2< 2.5 yrs","Limosilactobacillus","Genus","`Limosilactobacillus`~Age2",1.5426720977612,0.690754083864502,2.23331592790671,0.0272926518617596,0.573685569749584,0.000515379523671762,0.1640625
"54","Age2< 2.5 yrs","Bacteroides","Genus","`Bacteroides`~Age2",0.272925212551494,0.917681103834775,0.297407466941406,0.76664522029288,1,0.00107646631341951,0.390625
"55","Age2< 2.5 yrs","Stomatobaculum","Genus","`Stomatobaculum`~Age2",-4.16684371802469,0.805823421718931,-5.17091413046328,8.8953834023764e-07,4.84142086100222e-05,0.000455701877694911,0.53125
"56","Age2< 2.5 yrs","Eikenella","Genus","`Eikenella`~Age2",-4.34102822730521,0.871837393665296,-4.97917187178113,2.05396067153615e-06,0.000106105111162859,0.000552653849752368,0.40625
"57","Age2< 2.5 yrs","Johnsonella","Genus","`Johnsonella`~Age2",-2.05866419831652,0.846893546253215,-2.43084175977531,0.0164714107573715,0.356047448294858,0.00250180303564482,0.8203125
"58","Age2< 2.5 yrs","F0058","Genus","`F0058`~Age2",-2.25127270596784,0.406987207919582,-5.53155642772113,1.75478136482289e-07,1.16268313970345e-05,2.87113189511593e-05,0.1171875
"59","Age2< 2.5 yrs","Faecalibacterium","Genus","`Faecalibacterium`~Age2",-5.09035653372296,0.618937095421124,-8.22435199211882,2.06937650402611e-13,3.00342237395736e-11,0.000785928011329636,0.1796875
"60","Age2< 2.5 yrs","Dialister","Genus","`Dialister`~Age2",-6.46144340421093,0.466465440650404,-13.8519230818077,4.35950694775135e-27,2.21453381648467e-24,0.000540488191962214,0.1796875
"61","Age2< 2.5 yrs","HT002","Genus","`HT002`~Age2",0.590052105282162,0.406011210616839,1.45329017980985,0.148629286285843,1,4.55732748526063e-05,0.0546875
"62","Age2< 2.5 yrs","Nocardioides","Genus","`Nocardioides`~Age2",0.433888583005267,0.547669662689829,0.792245056763348,0.429706872449213,1,0.0005604475302982,0.078125
"63","Age2< 2.5 yrs","Novosphingobium","Genus","`Novosphingobium`~Age2",0.31841514474873,0.264315388357195,1.20467879954997,0.230585221138553,1,7.92534538128388e-06,0.0390625
"64","Age2< 2.5 yrs","Megasphaera","Genus","`Megasphaera`~Age2",-6.68855141132104,0.691627721667175,-9.67073933242325,6.94692625772705e-17,1.51237972249825e-14,0.000520836922526907,0.421875
"65","Age2< 2.5 yrs","Acinetobacter","Genus","`Acinetobacter`~Age2",-4.21803401758846,0.687826864101976,-6.13240662400633,1.03126682983542e-08,8.73101513489371e-07,0.000628649826537206,0.4375
"66","Age2< 2.5 yrs","Macrococcus","Genus","`Macrococcus`~Age2",0.032297427087458,0.0598413906666765,0.53971718784676,0.59034463998211,1,1.27873365676088e-07,0.0078125
"67","Age2< 2.5 yrs","Lacticaseibacillus","Genus","`Lacticaseibacillus`~Age2",0.055656110844639,0.103120879041643,0.539717187846736,0.590344639982126,1,6.35206419757953e-07,0.0078125
"68","Age2< 2.5 yrs","Stenotrophomonas","Genus","`Stenotrophomonas`~Age2",0.371352945624704,0.513186553585611,0.723621737611941,0.470639282615864,1,9.51325355707646e-05,0.1875
"69","Age2< 2.5 yrs","Blautia","Genus","`Blautia`~Age2",-2.94717865790666,0.47514816107313,-6.20265192913809,7.3329288694849e-09,6.46086133411175e-07,0.000258955037595786,0.109375
"70","Age2< 2.5 yrs","Lysobacter","Genus","`Lysobacter`~Age2",-0.0808524692371925,0.201227545197811,-0.401796231016547,0.688514703059761,1,3.61922679815319e-06,0.0234375
"71","Age2< 2.5 yrs","Catonella","Genus","`Catonella`~Age2",-3.39574623650323,0.644719930903384,-5.26700986542342,5.80756810562836e-07,3.27790788056016e-05,0.000145707505919109,0.25
"72","Age2< 2.5 yrs","Scardovia","Genus","`Scardovia`~Age2",-0.854043846996553,0.417865246619892,-2.04382597955897,0.0430549209030823,0.863327153210423,2.52224837269945e-05,0.1015625
"73","Age2< 2.5 yrs","Enhydrobacter","Genus","`Enhydrobacter`~Age2",-0.835119084600427,0.444417724956896,-1.87913091153469,0.0625367252126848,0.953164902577401,9.6630426627964e-05,0.0546875
"74","Age2< 2.5 yrs","Lawsonella","Genus","`Lawsonella`~Age2",-0.309891960967749,0.420526391424448,-0.736914417946641,0.462544336767967,1,3.39947587577105e-05,0.078125
"75","Age2< 2.5 yrs","TM7x","Genus","`TM7x`~Age2",0.100043635733522,0.578596597959784,0.172907404029492,0.863001658983791,1,5.16114945391515e-05,0.2265625
"76","Age2< 2.5 yrs","Planococcus","Genus","`Planococcus`~Age2",0.192601750698026,0.276073470404313,0.697646718520104,0.48668352908751,1,0.000206564444587828,0.015625
"77","Age2< 2.5 yrs","Tannerella","Genus","`Tannerella`~Age2",-5.67659610281371,0.496136301363426,-11.4416060409487,3.17097686308202e-21,1.07385775176674e-18,0.000149581493974463,0.234375
"78","Age2< 2.5 yrs","Alloscardovia","Genus","`Alloscardovia`~Age2",0.274480649823391,0.260048923280621,1.05549619802577,0.293218096235795,1,1.48617141093167e-05,0.03125
"79","Age2< 2.5 yrs","Aeromicrobium","Genus","`Aeromicrobium`~Age2",0.207511990597625,0.200818973434815,1.03332860958471,0.303429413729898,1,4.10698485947653e-06,0.03125
"80","Age2< 2.5 yrs","Cardiobacterium","Genus","`Cardiobacterium`~Age2",-0.819724080829329,0.571747038444724,-1.43371810557892,0.154129645831768,1,0.000172612296466714,0.21875
"81","Age2< 2.5 yrs","Micrococcus","Genus","`Micrococcus`~Age2",0.0183666073217317,0.413575758236867,0.0444092937169025,0.964648456814224,1,2.7605527557445e-05,0.09375
"82","Age2< 2.5 yrs","Vibrionimonas","Genus","`Vibrionimonas`~Age2",1.33979509430214,0.495915246138876,2.70166143254032,0.00784980846063727,0.196959596488227,5.65748117030895e-05,0.1875
"83","Age2< 2.5 yrs","Treponema","Genus","`Treponema`~Age2",-7.84235625175372,0.597127873315133,-13.1334620308621,2.34692766460865e-25,1.02187519442178e-22,0.00109842890807874,0.28125
"84","Age2< 2.5 yrs","Helcococcus","Genus","`Helcococcus`~Age2",-2.17907997624134,0.623719976467926,-3.49368315663271,0.000657943533066258,0.020888804352981,0.000159424611376711,0.1796875
"85","Age2< 2.5 yrs","Finegoldia","Genus","`Finegoldia`~Age2",0.273370416801519,0.213579331991549,1.2799478968889,0.202915039842677,1,5.1453993890318e-06,0.0546875
"86","Age2< 2.5 yrs","Subdoligranulum","Genus","`Subdoligranulum`~Age2",-3.38971482100273,0.457462286280671,-7.40982354755908,1.60777867236226e-11,1.81492503728894e-09,0.000161829438069834,0.1015625
"87","Age2< 2.5 yrs","F0332","Genus","`F0332`~Age2",-0.138425099424228,0.457437349313362,-0.302609963161101,0.762686113361118,1,3.44683021902567e-05,0.109375
"88","Age2< 2.5 yrs","Afipia","Genus","`Afipia`~Age2",0.0686729591171782,0.268187241689622,0.25606348267922,0.798319402655099,1,9.74942912194175e-06,0.0390625
"89","Age2< 2.5 yrs","Amnipila","Genus","`Amnipila`~Age2",-2.04140076497347,0.3785115064321,-5.3932330465089,3.29453438006806e-07,1.93102053873899e-05,3.5019167504243e-05,0.0703125
"90","Age2< 2.5 yrs","Trichococcus","Genus","`Trichococcus`~Age2",0.305785587759013,0.331201193582346,0.923262336260229,0.357635157169579,1,0.000134918819571964,0.0234375
"91","Age2< 2.5 yrs","Bradyrhizobium","Genus","`Bradyrhizobium`~Age2",1.45761619482787,0.54309442626171,2.68390932468429,0.00825466026819833,0.196959596488227,9.69372005238277e-05,0.171875
"92","Age2< 2.5 yrs","Pelomonas","Genus","`Pelomonas`~Age2",0.551697813904287,0.363978282949823,1.51574376754874,0.132088906813451,1,3.46693061888758e-05,0.0625
"93","Age2< 2.5 yrs","Aeromonas","Genus","`Aeromonas`~Age2",-0.720028247705804,0.315827191659679,-2.27981714912525,0.0242995818671356,0.517915556273969,2.08345061208815e-05,0.046875
"94","Age2< 2.5 yrs","Sarcina","Genus","`Sarcina`~Age2",-0.750069187343548,0.41241559535226,-1.81872168704698,0.0713288160961282,1,0.000114033612722543,0.0546875
"95","Age2< 2.5 yrs","Cnuella","Genus","`Cnuella`~Age2",0.194351861238738,0.222252653020349,0.874463627756754,0.383529567657143,1,1.11782504615127e-05,0.0234375
"96","Age2< 2.5 yrs","Brevundimonas","Genus","`Brevundimonas`~Age2",0.360327978143467,0.266395742911242,1.35260411523739,0.178604508174095,1,1.26765323972169e-05,0.0625
"97","Age2< 2.5 yrs","Collinsella","Genus","`Collinsella`~Age2",-1.73843260655336,0.545080205588683,-3.18931523971938,0.00179956912289878,0.0507856447162956,0.000132877418721311,0.1171875
"98","Age2< 2.5 yrs","Weissella","Genus","`Weissella`~Age2",-0.533089819056532,0.242327318671074,-2.19987503670657,0.0296395419701344,0.610387969649922,7.36967771793252e-06,0.03125
"99","Age2< 2.5 yrs","Prevotella_9","Genus","`Prevotella_9`~Age2",-9.80566782487082,0.544117254737123,-18.0212403475574,1.10982139150756e-36,1.12752980151541e-33,0.00910146072260049,0.25
"100","Age2< 2.5 yrs","Sphingobium","Genus","`Sphingobium`~Age2",0.385114772566089,0.316103283582226,1.21831943092078,0.225378934439034,1,1.73003649702994e-05,0.0390625
"101","Age2< 2.5 yrs","Butyrivibrio","Genus","`Butyrivibrio`~Age2",-3.52394408243613,0.406732498098658,-8.66403372956285,1.87240650719404e-14,3.35696963636674e-12,4.16976849231087e-05,0.15625
"102","Age2< 2.5 yrs","Coprococcus","Genus","`Coprococcus`~Age2",-1.86127299541933,0.394629267398124,-4.71651027733219,6.26330215449335e-06,0.000293687998494159,0.000105890287550606,0.0546875
"103","Age2< 2.5 yrs","Peptoanaerobacter","Genus","`Peptoanaerobacter`~Age2",-2.25619710212141,0.370069812615344,-6.09667966748354,1.22566718751493e-08,1.00964111632711e-06,2.49371567816603e-05,0.0859375
"104","Age2< 2.5 yrs","Bosea","Genus","`Bosea`~Age2",-0.114853518347783,0.225584876515521,-0.509136605794942,0.611546936349994,1,1.86538891229581e-05,0.015625
"105","Age2< 2.5 yrs","Geobacillus","Genus","`Geobacillus`~Age2",0.185573744631117,0.24510929770821,0.75710610069159,0.450399764668819,1,2.56903264221225e-05,0.015625
"106","Age2< 2.5 yrs","Prevotellaceae NK3B31 group","Genus","`Prevotellaceae NK3B31 group`~Age2",-1.92695883614212,0.441222225477406,-4.36732042239516,2.59817362398271e-05,0.00104195933532829,0.000149864405183991,0.0625
"107","Age2< 2.5 yrs","Odoribacter","Genus","`Odoribacter`~Age2",-0.555784281595414,0.367582537250665,-1.5119985996952,0.133038304710548,1,6.90558086539838e-05,0.0703125
"108","Age2< 2.5 yrs","Comamonas","Genus","`Comamonas`~Age2",-0.586555715204384,0.441368175305532,-1.32894881874604,0.186266393825951,1,6.64836482180361e-05,0.078125
"109","Age2< 2.5 yrs","Conchiformibius","Genus","`Conchiformibius`~Age2",-0.593879887521574,0.629052434530948,-0.944086462306436,0.346932262157105,1,9.92186353042584e-05,0.203125
"110","Age2< 2.5 yrs","Kingella","Genus","`Kingella`~Age2",-2.33918582395128,0.657973462666453,-3.55513703314367,0.00053280205966636,0.017275643530311,0.000132144186453516,0.2265625
"111","Age2< 2.5 yrs","Lachnoclostridium","Genus","`Lachnoclostridium`~Age2",-0.554121730695766,0.472167960880076,-1.17356910380564,0.242781261295216,1,7.80298991633154e-05,0.09375
"112","Age2< 2.5 yrs","Faucicola","Genus","`Faucicola`~Age2",-0.199814616058244,0.218981028573236,-0.912474552522335,0.363261541087731,1,8.943703329329e-06,0.015625
"113","Age2< 2.5 yrs","UCG-005","Genus","`UCG-005`~Age2",-2.05711292299922,0.42609742448824,-4.82779947677435,3.92299452673541e-06,0.000186824539709866,9.3509412676096e-05,0.0703125
"114","Age2< 2.5 yrs","Parabacteroides","Genus","`Parabacteroides`~Age2",-0.798260762425233,0.42180730996858,-1.89247730790795,0.060721744169189,0.953164902577401,4.44373955829619e-05,0.09375
"115","Age2< 2.5 yrs","Holdemanella","Genus","`Holdemanella`~Age2",-1.76760299507418,0.422547251635292,-4.18320788558773,5.3444808574417e-05,0.00201102143518936,9.84179269984882e-05,0.0546875
"116","Age2< 2.5 yrs","Anaerovibrio","Genus","`Anaerovibrio`~Age2",-2.29402642060536,0.418686124224863,-5.47910782773711,2.23053893737343e-07,1.41633101088046e-05,0.00013573830805425,0.0703125
"117","Age2< 2.5 yrs","[Eubacterium] yurii group","Genus","`[Eubacterium] yurii group`~Age2",-1.2608352163317,0.469031721159262,-2.68816619314235,0.00815589186425303,0.196959596488227,3.06320636637337e-05,0.1484375
"118","Age2< 2.5 yrs","Sphingopyxis","Genus","`Sphingopyxis`~Age2",0.31851756444538,0.401652258750533,0.793018232827147,0.429257930983008,1,7.27631660916524e-05,0.0546875
"119","Age2< 2.5 yrs","Thermicanus","Genus","`Thermicanus`~Age2",-0.0935770121899283,0.237390420451268,-0.394190346906344,0.694106870349888,1,9.50846873972029e-06,0.0234375
"120","Age2< 2.5 yrs","Anoxybacillus","Genus","`Anoxybacillus`~Age2",0.191751713722471,0.25011447767551,0.766655794996576,0.444720230683192,1,2.06783083659003e-05,0.015625
"121","Age2< 2.5 yrs","Neomicrococcus","Genus","`Neomicrococcus`~Age2",0.113197441299113,0.209734734872409,0.539717187846714,0.590344639982141,1,3.29427505676289e-05,0.0078125
"122","Age2< 2.5 yrs","UBA1819","Genus","`UBA1819`~Age2",-0.102594094024041,0.260037025128921,-0.394536485614603,0.693852005335549,1,2.18718144758986e-05,0.0234375
"123","Age2< 2.5 yrs","Roseburia","Genus","`Roseburia`~Age2",-2.04558113160851,0.599269951777804,-3.41345519751166,0.000863184506047226,0.0271223986303028,0.000270821317270815,0.15625
"124","Age2< 2.5 yrs","Oxalicibacterium","Genus","`Oxalicibacterium`~Age2",0.0787341210882472,0.145880329293139,0.539717187846724,0.590344639982135,1,3.09517377993877e-06,0.0078125
"125","Age2< 2.5 yrs","Citricoccus","Genus","`Citricoccus`~Age2",0.18186937944235,0.23753872419095,0.765640971011325,0.44532181153198,1,1.54255971930792e-05,0.015625
"126","Age2< 2.5 yrs","Knoellia","Genus","`Knoellia`~Age2",-0.182346392647969,0.204898679099174,-0.889934446867323,0.375197109640892,1,6.19371891800939e-06,0.015625
"127","Age2< 2.5 yrs","Paracoccus","Genus","`Paracoccus`~Age2",-0.111856144363318,0.291102840395567,-0.38424958070255,0.701441183369321,1,6.65783065701575e-06,0.0546875
"128","Age2< 2.5 yrs","Oscillibacter","Genus","`Oscillibacter`~Age2",0.248557590849376,0.241832813062151,1.02780754895117,0.30600941018808,1,1.5606568589846e-05,0.0390625
"129","Age2< 2.5 yrs","Jatrophihabitans","Genus","`Jatrophihabitans`~Age2",0.104999296767541,0.194545030493566,0.539717187846715,0.590344639982141,1,1.87689079368846e-05,0.0078125
"130","Age2< 2.5 yrs","Dorea","Genus","`Dorea`~Age2",-2.5218155057001,0.496892160468592,-5.07517668083536,1.35408884512158e-06,7.24049899265047e-05,0.000156085847212364,0.09375
"131","Age2< 2.5 yrs","Oceanivirga","Genus","`Oceanivirga`~Age2",-3.71689272284299,0.551102942104445,-6.74446176725103,4.97478866389972e-10,4.89112919957081e-08,0.000531793760064109,0.09375
"132","Age2< 2.5 yrs","Hyphomicrobium","Genus","`Hyphomicrobium`~Age2",0.052354913524772,0.26796151382142,0.19538221283398,0.845408463166694,1,1.46134200938004e-05,0.0390625
"133","Age2< 2.5 yrs","Tropheryma","Genus","`Tropheryma`~Age2",-1.31789643810223,0.465213326673555,-2.83288625355097,0.00537310771992154,0.138784106193694,7.2459898081886e-05,0.09375
"134","Age2< 2.5 yrs","Rhodoferax","Genus","`Rhodoferax`~Age2",0.197198903043396,0.257146155593454,0.766874786007558,0.444590475846125,1,2.46572198410031e-05,0.015625
"135","Age2< 2.5 yrs","Centipeda","Genus","`Centipeda`~Age2",-6.20785624317514,0.410559943799086,-15.1204625218213,4.28527119854054e-30,3.26523552859713e-27,0.000113739888061131,0.21875
"136","Age2< 2.5 yrs","Rubrobacter","Genus","`Rubrobacter`~Age2",0.152489017130563,0.207165955468995,0.736071797054436,0.463055130001814,1,1.25225955863634e-05,0.015625
"137","Age2< 2.5 yrs","Dactylosporangium","Genus","`Dactylosporangium`~Age2",0.100781946357542,0.186731029930003,0.539717187846715,0.590344639982141,1,1.40525019903872e-05,0.0078125
"138","Age2< 2.5 yrs","SD04E11","Genus","`SD04E11`~Age2",0.163559533869613,0.216220887775774,0.756446500391895,0.450793581027543,1,1.12550840186871e-05,0.015625
"139","Age2< 2.5 yrs","Simonsiella","Genus","`Simonsiella`~Age2",-0.236634300568731,0.309148225500396,-0.765439621028744,0.44544122623258,1,1.42199362763195e-05,0.046875
"140","Age2< 2.5 yrs","Mycoplasma","Genus","`Mycoplasma`~Age2",-2.93138707664625,0.501812640620796,-5.8415967222743,4.14373860898387e-08,3.08038278670912e-06,5.52549301843095e-05,0.1640625
"141","Age2< 2.5 yrs","Paucibacter","Genus","`Paucibacter`~Age2",0.23983135575409,0.266428383578863,0.900171943140961,0.369745996959372,1,2.29331109094433e-05,0.0234375
"142","Age2< 2.5 yrs","Pseudarthrobacter","Genus","`Pseudarthrobacter`~Age2",0.0909012742113206,0.168423900995231,0.53971718784672,0.590344639982137,1,7.13329467216149e-06,0.0078125
"143","Age2< 2.5 yrs","Blastococcus","Genus","`Blastococcus`~Age2",0.163193707075915,0.178661351459016,0.91342478797576,0.362763704682111,1,2.4573920080971e-06,0.0234375
"144","Age2< 2.5 yrs","Blastomonas","Genus","`Blastomonas`~Age2",0.154939793672337,0.203575627582932,0.761092059555203,0.448024136594027,1,6.99004336117601e-06,0.015625
"145","Age2< 2.5 yrs","Selenomonas","Genus","`Selenomonas`~Age2",-6.38644239304137,0.425329361222388,-15.0152869171478,7.56263244158932e-30,4.60998149128276e-27,0.000148262048308784,0.21875
"146","Age2< 2.5 yrs","Pseudoxanthomonas","Genus","`Pseudoxanthomonas`~Age2",-0.178053352581507,0.195144227908489,-0.912419262869531,0.363290521118014,1,4.7715254839728e-06,0.015625
"147","Age2< 2.5 yrs","Lachnospiraceae NK4A136 group","Genus","`Lachnospiraceae NK4A136 group`~Age2",-1.45268428521598,0.686569206616409,-2.11585994713509,0.0363247455794352,0.738086929783229,0.000512130992105935,0.21875
"148","Age2< 2.5 yrs","Tyzzerella","Genus","`Tyzzerella`~Age2",0.344851098974116,0.265451848167316,1.29910980599674,0.196278437954288,1,1.16713748297384e-05,0.0546875
"149","Age2< 2.5 yrs","Psychrobacter","Genus","`Psychrobacter`~Age2",-0.162041714500801,0.224341468956642,-0.722299427093963,0.471448846039542,1,1.22157746449044e-05,0.015625
"150","Age2< 2.5 yrs","Ornithinimicrobium","Genus","`Ornithinimicrobium`~Age2",0.0969824667021354,0.179691269587062,0.539717187846716,0.590344639982139,1,1.08273375991508e-05,0.0078125
"151","Age2< 2.5 yrs","Chryseobacterium","Genus","`Chryseobacterium`~Age2",-0.68853092289511,0.38273505135305,-1.79897534981708,0.0744162013609451,1,4.30285618776354e-05,0.0703125
"152","Age2< 2.5 yrs","Butyricicoccus","Genus","`Butyricicoccus`~Age2",-0.877744820334404,0.29045716495079,-3.02194239375405,0.00304274784769461,0.0820698638814837,2.96105981428186e-05,0.03125
"153","Age2< 2.5 yrs","Brevibacterium","Genus","`Brevibacterium`~Age2",0.0382242756955012,0.25433074559486,0.150293569918562,0.880773333418985,1,8.67577050916662e-06,0.0390625
"154","Age2< 2.5 yrs","Kocuria","Genus","`Kocuria`~Age2",-0.00709053903731541,0.450994212087346,-0.015722017815923,0.987481029216099,1,6.11544858566744e-05,0.1015625
"155","Age2< 2.5 yrs","Haematobacter","Genus","`Haematobacter`~Age2",-0.0854560445316878,0.235808582247403,-0.362395820021639,0.717663392293259,1,1.10468210360717e-05,0.0234375
"156","Age2< 2.5 yrs","Glutamicibacter","Genus","`Glutamicibacter`~Age2",0.0942634098050102,0.174653340541346,0.539717187846717,0.590344639982139,1,8.98438651844425e-06,0.0078125
"157","Age2< 2.5 yrs","Mycobacterium","Genus","`Mycobacterium`~Age2",0.392944929563173,0.403541450078517,0.973741184422859,0.332050751980181,1,2.30063678198628e-05,0.0859375
"158","Age2< 2.5 yrs","Solirubrobacter","Genus","`Solirubrobacter`~Age2",-0.246670960724885,0.2121900967701,-1.16249987383786,0.247229575721143,1,8.58721425460073e-06,0.0234375
"159","Age2< 2.5 yrs","Intestinimonas","Genus","`Intestinimonas`~Age2",-0.0742015213128958,0.323888110708055,-0.229096156542095,0.819165625407161,1,2.83840937628778e-05,0.0390625
"160","Age2< 2.5 yrs","Suttonella","Genus","`Suttonella`~Age2",-2.27781301055949,0.539025780896985,-4.22579604034711,4.53150605339316e-05,0.00172642918943282,0.000115879479761674,0.1328125
"161","Age2< 2.5 yrs","[Ruminococcus] torques group","Genus","`[Ruminococcus] torques group`~Age2",-2.30841118432095,0.509546016222428,-4.53032917700858,1.34903793262007e-05,0.00061900024201352,0.000194148087848301,0.1015625
"162","Age2< 2.5 yrs","Pedomicrobium","Genus","`Pedomicrobium`~Age2",0.167220769312539,0.218712540720749,0.764568729170612,0.445957938994235,1,9.63011985307551e-06,0.015625
"163","Age2< 2.5 yrs","Agathobacter","Genus","`Agathobacter`~Age2",-3.47779240902485,0.600740359887364,-5.78917722404555,5.30460631316344e-08,3.84946220636841e-06,0.000578949133722386,0.1171875
"164","Age2< 2.5 yrs","Pedobacter","Genus","`Pedobacter`~Age2",0.235816861677374,0.249699670127109,0.944401975210188,0.346771701821338,1,9.2318512066177e-06,0.0234375
"165","Age2< 2.5 yrs","Phascolarctobacterium","Genus","`Phascolarctobacterium`~Age2",-3.7431430207264,0.49094297429908,-7.62439471930624,5.18168615615006e-12,6.07426800786249e-10,0.000396068741918624,0.09375
"166","Age2< 2.5 yrs","Ornithobacterium","Genus","`Ornithobacterium`~Age2",-3.11540321521548,0.557675623591712,-5.58640737271375,1.36357184976395e-07,9.23552749947676e-06,0.000297650636583888,0.1015625
"167","Age2< 2.5 yrs","Ferrovibrio","Genus","`Ferrovibrio`~Age2",0.157908751964421,0.205882572818137,0.766984547564921,0.444525449012509,1,6.33539780985133e-06,0.015625
"168","Age2< 2.5 yrs","Massilia","Genus","`Massilia`~Age2",0.597052009856472,0.37897585580841,1.57543548145798,0.117663509275268,1,2.91981040301115e-05,0.0703125
"169","Age2< 2.5 yrs","Anaerococcus","Genus","`Anaerococcus`~Age2",-0.208182878875707,0.352245267309403,-0.591016823209279,0.555567872121134,1,1.65159741737189e-05,0.0703125
"170","Age2< 2.5 yrs","Actinomycetospora","Genus","`Actinomycetospora`~Age2",0.0876527327212089,0.162404931128676,0.539717187846719,0.590344639982138,1,5.70791149149358e-06,0.0078125
"171","Age2< 2.5 yrs","Cutibacterium","Genus","`Cutibacterium`~Age2",-0.525916436099354,0.197392220450987,-2.66432200264924,0.00872322832587254,0.204517314049357,6.76370708977614e-06,0.015625
"172","Age2< 2.5 yrs","Legionella","Genus","`Legionella`~Age2",0.426479178049257,0.307649886036457,1.38624845126293,0.16811925999342,1,1.57834521654992e-05,0.0546875
"173","Age2< 2.5 yrs","Alishewanella","Genus","`Alishewanella`~Age2",0.0434906742159249,0.0805804876984465,0.539717187846747,0.590344639982118,1,2.75651846770248e-07,0.0078125
"174","Age2< 2.5 yrs","1174-901-12","Genus","`1174-901-12`~Age2",0.0842138404587683,0.156033275120905,0.539717187846719,0.590344639982138,1,4.50807847663012e-06,0.0078125
"175","Age2< 2.5 yrs","Sneathia","Genus","`Sneathia`~Age2",-0.336732183763796,0.180495241758631,-1.86560144457489,0.0644227218949834,0.953164902577401,1.2130572661719e-05,0.0078125
"176","Age2< 2.5 yrs","Acholeplasma","Genus","`Acholeplasma`~Age2",-1.22048654298966,0.33637856406975,-3.62831248288636,0.000413057346504405,0.0135370363451863,3.61989228822913e-05,0.046875
"177","Age2< 2.5 yrs","Ornithinicoccus","Genus","`Ornithinicoccus`~Age2",0.0865680536150585,0.160395213575529,0.53971718784672,0.590344639982137,1,5.29848435703123e-06,0.0078125
"178","Age2< 2.5 yrs","Fibrella","Genus","`Fibrella`~Age2",0.082189859573894,0.152283198357648,0.539717187846722,0.590344639982136,1,3.92349271799752e-06,0.0078125
"179","Age2< 2.5 yrs","Amnibacterium","Genus","`Amnibacterium`~Age2",0.0836287123365945,0.154949136732598,0.53971718784672,0.590344639982137,1,4.33065410199557e-06,0.0078125
"180","Age2< 2.5 yrs","Sphingomonas","Genus","`Sphingomonas`~Age2",-0.560003166710955,0.442062120739639,-1.2667974486798,0.207564378188889,1,2.79082163756656e-05,0.1328125
"181","Age2< 2.5 yrs","Rubellimicrobium","Genus","`Rubellimicrobium`~Age2",0.0936740675520702,0.140149461080275,0.668386926571308,0.505109239423985,1,2.14058566136024e-06,0.015625
"182","Age2< 2.5 yrs","Geminicoccus","Genus","`Geminicoccus`~Age2",0.0805690042992148,0.149280041683787,0.539717187846722,0.590344639982136,1,3.51049348452409e-06,0.0078125
"183","Age2< 2.5 yrs","Microvirga","Genus","`Microvirga`~Age2",-0.0658357910887591,0.291611033920105,-0.225765775059104,0.821749392963278,1,8.6302351186752e-06,0.0546875
"184","Age2< 2.5 yrs","[Eubacterium] hallii group","Genus","`[Eubacterium] hallii group`~Age2",-0.290381569649282,0.268572268336539,-1.08120459140411,0.281671155278847,1,4.98867146308557e-05,0.0234375
"185","Age2< 2.5 yrs","Alysiella","Genus","`Alysiella`~Age2",-1.82746520177193,0.444420953953821,-4.11201403874809,7.02456734933916e-05,0.0025795127631986,6.15768963827177e-05,0.0859375
"186","Age2< 2.5 yrs","Thermomonas","Genus","`Thermomonas`~Age2",0.152662405168634,0.181006311897036,0.843409290917294,0.400597880807416,1,3.91313081136961e-06,0.0234375
"187","Age2< 2.5 yrs","Ruminococcus","Genus","`Ruminococcus`~Age2",-2.14683868193901,0.474103263340263,-4.52820903786572,1.36072207001479e-05,0.00061900024201352,0.0001705164724503,0.1015625
"188","Age2< 2.5 yrs","Peptoniphilus","Genus","`Peptoniphilus`~Age2",-0.727870121446605,0.32471015455283,-2.24159950417621,0.026737010505298,0.565908930234923,2.73105221107696e-05,0.0546875
"189","Age2< 2.5 yrs","Antricoccus","Genus","`Antricoccus`~Age2",0.109020204192865,0.152257232615401,0.716026439730765,0.475299950276777,1,2.58172383857858e-06,0.015625
"190","Age2< 2.5 yrs","Gaiella","Genus","`Gaiella`~Age2",-0.0381424980298958,0.215179488076676,-0.177258986768777,0.85958959776722,1,4.94965751183804e-06,0.0234375
"191","Age2< 2.5 yrs","Porphyrobacter","Genus","`Porphyrobacter`~Age2",0.0894739573991064,0.136203309781509,0.656914707451943,0.512433843175306,1,1.9258804215807e-06,0.015625
"192","Age2< 2.5 yrs","Acidibacter","Genus","`Acidibacter`~Age2",0.0764717710654869,0.141688596893831,0.539717187846725,0.590344639982134,1,2.65010176390773e-06,0.0078125
"193","Age2< 2.5 yrs","Halomonas","Genus","`Halomonas`~Age2",-8.11641814690465,0.353188688198083,-22.9804023121845,6.82905620945014e-47,2.08140637348486e-43,0.000938398234525774,0.203125
"194","Age2< 2.5 yrs","Phreatobacter","Genus","`Phreatobacter`~Age2",0.056197839639768,0.0732537591051744,0.767166631804953,0.44441758764088,1,1.91758432910607e-07,0.015625
"195","Age2< 2.5 yrs","Oligella","Genus","`Oligella`~Age2",0.0735277022355846,0.136233760738533,0.539717187846725,0.590344639982134,1,2.16532705099778e-06,0.0078125
"196","Age2< 2.5 yrs","Clostridium sensu stricto 1","Genus","`Clostridium sensu stricto 1`~Age2",-1.32640052170671,0.43060447638641,-3.08032218530967,0.00253924889699538,0.0697233886738,4.66626183522121e-05,0.1171875
"197","Age2< 2.5 yrs","Paenibacillus","Genus","`Paenibacillus`~Age2",0.132844074993785,0.173440607415638,0.765934096825629,0.445148000322054,1,2.74946919514485e-06,0.015625
"198","Age2< 2.5 yrs","Subgroup 10","Genus","`Subgroup 10`~Age2",0.124391684548424,0.163502973210727,0.760791575258419,0.448202973550039,1,2.29799129998172e-06,0.015625
"199","Age2< 2.5 yrs","Vagococcus","Genus","`Vagococcus`~Age2",0.124888641385562,0.150969797779333,0.827242555945581,0.409663540474428,1,1.92204989853565e-06,0.0234375
"200","Age2< 2.5 yrs","Arsenicicoccus","Genus","`Arsenicicoccus`~Age2",0.0711785389074116,0.131881178717669,0.539717187846723,0.590344639982135,1,1.84295108070651e-06,0.0078125
"201","Age2< 2.5 yrs","[Ruminococcus] gnavus group","Genus","`[Ruminococcus] gnavus group`~Age2",-0.097732625459628,0.283754930267019,-0.344426175670885,0.731099994774409,1,1.75363792203768e-05,0.03125
"202","Age2< 2.5 yrs","Phenylobacterium","Genus","`Phenylobacterium`~Age2",0.0673968168942799,0.124874320128971,0.539717187846726,0.590344639982133,1,1.42171008163053e-06,0.0078125
"203","Age2< 2.5 yrs","Defluviitaleaceae UCG-011","Genus","`Defluviitaleaceae UCG-011`~Age2",-1.89027065875393,0.349723222450188,-5.40504758451713,3.12305675563951e-07,1.86640501782971e-05,2.22335530440063e-05,0.0703125
"204","Age2< 2.5 yrs","Pajaroellobacter","Genus","`Pajaroellobacter`~Age2",0.32884017697,0.231423254348145,1.42094699124447,0.157802268776797,1,3.54328512302656e-06,0.0546875
"205","Age2< 2.5 yrs","Fusicatenibacter","Genus","`Fusicatenibacter`~Age2",-0.263626394467786,0.264002353943667,-0.998575923773916,0.319914027598464,1,3.04900944723412e-05,0.015625
"206","Age2< 2.5 yrs","Acidaminococcus","Genus","`Acidaminococcus`~Age2",0.0799881421188744,0.148203807327313,0.539717187846721,0.590344639982136,1,3.3733183929021e-06,0.0078125
"207","Age2< 2.5 yrs","Iamia","Genus","`Iamia`~Age2",0.0643912654748781,0.119305567665494,0.53971718784673,0.59034463998213,1,1.15675048737754e-06,0.0078125
"208","Age2< 2.5 yrs","Hymenobacter","Genus","`Hymenobacter`~Age2",0.0646946808424921,0.119867742401534,0.539717187846728,0.590344639982132,1,1.18108748236243e-06,0.0078125
"209","Age2< 2.5 yrs","Xanthomonas","Genus","`Xanthomonas`~Age2",0.0651504287999724,0.120712162345429,0.539717187846728,0.590344639982132,1,1.2186086413976e-06,0.0078125
"210","Age2< 2.5 yrs","Brachybacterium","Genus","`Brachybacterium`~Age2",-0.538815673117936,0.269740596044162,-1.99753274449546,0.047921296585947,0.953164902577401,6.64149952365097e-06,0.046875
"211","Age2< 2.5 yrs","Deinococcus","Genus","`Deinococcus`~Age2",-0.164376562633417,0.0881091527407532,-1.86560144457486,0.0644227218949865,0.953164902577401,3.79523925188244e-07,0.0078125
"212","Age2< 2.5 yrs","Aerococcus","Genus","`Aerococcus`~Age2",0.11497013130286,0.150274133879394,0.765069332524861,0.445660881562282,1,1.50196115210672e-06,0.015625
"213","Age2< 2.5 yrs","Nakamurella","Genus","`Nakamurella`~Age2",0.213406324889417,0.219162510440349,0.973735537435821,0.332053545465041,1,9.69383705250029e-06,0.03125
"214","Age2< 2.5 yrs","Pseudoclavibacter","Genus","`Pseudoclavibacter`~Age2",0.0644142269897908,0.119348111270607,0.539717187846729,0.590344639982131,1,1.15857456400522e-06,0.0078125
"215","Age2< 2.5 yrs","Reyranella","Genus","`Reyranella`~Age2",0.130252789528673,0.15584670944435,0.83577503813248,0.404863571851263,1,1.70936577357893e-06,0.0234375
"216","Age2< 2.5 yrs","Gordonia","Genus","`Gordonia`~Age2",0.0610775288064016,0.113165802723605,0.53971718784673,0.59034463998213,1,9.21475540353257e-07,0.0078125
"217","Age2< 2.5 yrs","Necropsobacter","Genus","`Necropsobacter`~Age2",-0.420461295223592,0.270640002456816,-1.55358147874198,0.12279250325285,1,1.04844819461849e-05,0.03125
"218","Age2< 2.5 yrs","Herminiimonas","Genus","`Herminiimonas`~Age2",0.0587859687139957,0.10891994925811,0.539717187846733,0.590344639982128,1,7.87391654908285e-07,0.0078125
"219","Age2< 2.5 yrs","Alkanindiges","Genus","`Alkanindiges`~Age2",0.0594835210542617,0.110212389736148,0.539717187846731,0.59034463998213,1,8.25998466946845e-07,0.0078125
"220","Age2< 2.5 yrs","Bdellovibrio","Genus","`Bdellovibrio`~Age2",0.151786268136756,0.161266409799093,0.941214406185715,0.348396014634039,1,1.4016417899465e-06,0.0234375
"221","Age2< 2.5 yrs","Intestinibacter","Genus","`Intestinibacter`~Age2",-0.760404129450095,0.267753395708108,-2.83994205727666,0.0052627772498873,0.137096169162598,1.33697449923614e-05,0.03125
"222","Age2< 2.5 yrs","Cellulomonas","Genus","`Cellulomonas`~Age2",0.0552912230817485,0.102444806885508,0.539717187846737,0.590344639982125,1,6.19498850210134e-07,0.0078125
"223","Age2< 2.5 yrs","Flavobacterium","Genus","`Flavobacterium`~Age2",-0.506191414172656,0.227658147879911,-2.22347154664401,0.0279660769493967,0.583814510757004,5.00257042708037e-06,0.046875
"224","Age2< 2.5 yrs","Mucilaginibacter","Genus","`Mucilaginibacter`~Age2",0.0401881174102615,0.0744614370548315,0.539717187846751,0.590344639982116,1,2.19754718573317e-07,0.0078125
"225","Age2< 2.5 yrs","Parasutterella","Genus","`Parasutterella`~Age2",0.254683686747089,0.207448319624941,1.22769703417,0.221849351559596,1,2.3887076867158e-06,0.0390625
"226","Age2< 2.5 yrs","Kushneria","Genus","`Kushneria`~Age2",0.0488299799314083,0.0904732719856875,0.539717187846738,0.590344639982125,1,3.97633286677694e-07,0.0078125
"227","Age2< 2.5 yrs","Alistipes","Genus","`Alistipes`~Age2",-0.673185351901848,0.373623765154797,-1.80177337387235,0.0739721166150115,1,2.61997554642895e-05,0.0703125
"228","Age2< 2.5 yrs","Pelagibacterium","Genus","`Pelagibacterium`~Age2",0.0493825109532516,0.0914970137420834,0.539717187846738,0.590344639982124,1,4.12999233473423e-07,0.0078125
"229","Age2< 2.5 yrs","Bacillus","Genus","`Bacillus`~Age2",0.167378267555346,0.244141529276906,0.685578844578733,0.49423817299131,1,7.58227797840501e-05,0.015625
"230","Age2< 2.5 yrs","Kineosphaera","Genus","`Kineosphaera`~Age2",-0.110021909080817,0.275824170180958,-0.398884220366313,0.690653721839686,1,6.24140422772732e-05,0.0234375
"231","Age2< 2.5 yrs","Lachnospiraceae Family","Genus","`Lachnospiraceae Family`~Age2",0.730793368522698,0.415500924279562,1.7588248926036,0.0810348968082111,1,7.66239324554655e-05,0.0859375
"232","Age2< 2.5 yrs","Catenibacterium","Genus","`Catenibacterium`~Age2",-1.55066525131838,0.356053179726028,-4.3551506898817,2.72675653763121e-05,0.0010793239910479,0.000108721033104166,0.0390625
"233","Age2< 2.5 yrs","Mitsuokella","Genus","`Mitsuokella`~Age2",-1.00456722000883,0.318599377051714,-3.15307339676867,0.00201977949369603,0.0564772645067744,7.26901701295537e-05,0.03125
"234","Age2< 2.5 yrs","Anaerostipes","Genus","`Anaerostipes`~Age2",-1.09699729278347,0.352413502272652,-3.11281289084877,0.00229360035103284,0.0635508339452748,3.94585088012962e-05,0.0625
"235","Age2< 2.5 yrs","UCG-002","Genus","`UCG-002`~Age2",-4.10304426182429,0.490211249738214,-8.36995124860033,9.37215426760673e-14,1.42825458069049e-11,0.000538952463940015,0.1171875
"236","Age2< 2.5 yrs","Lachnospiraceae UCG-004","Genus","`Lachnospiraceae UCG-004`~Age2",-1.05700981705819,0.323861982046915,-3.26376628209814,0.00141545905569216,0.041482045608964,2.90381816982074e-05,0.0390625
"237","Age2< 2.5 yrs","Rikenellaceae RC9 gut group","Genus","`Rikenellaceae RC9 gut group`~Age2",-4.52316140717601,0.468664561693732,-9.65117010518037,7.75260834684544e-17,1.57526193267393e-14,0.000256470094807711,0.140625
"238","Age2< 2.5 yrs","Modestobacter","Genus","`Modestobacter`~Age2",0.0404702933317574,0.0749842588730907,0.539717187846753,0.590344639982114,1,2.24051371763749e-07,0.0078125
"239","Age2< 2.5 yrs","Allisonella","Genus","`Allisonella`~Age2",-0.816200410396192,0.245901840331738,-3.31921228932277,0.00118068332895517,0.0352800711298403,1.28564738955812e-05,0.0234375
"240","Age2< 2.5 yrs","Alicycliphilus","Genus","`Alicycliphilus`~Age2",0.553040305644177,0.352705808114072,1.5679931912698,0.11939071946447,1,2.26114737207285e-05,0.0703125
"241","Age2< 2.5 yrs","Serinicoccus","Genus","`Serinicoccus`~Age2",0.111477056734352,0.206547168118005,0.539717187846713,0.590344639982142,1,2.92744678670883e-05,0.0078125
"242","Age2< 2.5 yrs","Succinivibrio","Genus","`Succinivibrio`~Age2",-3.15809641392529,0.474320561204383,-6.65814782708625,7.6890397418287e-10,7.32349382997191e-08,0.000755393170640717,0.078125
"243","Age2< 2.5 yrs","Libanicoccus","Genus","`Libanicoccus`~Age2",-0.282856563336652,0.151616822638721,-1.86560144457489,0.0644227218949834,0.953164902577401,4.10727846252702e-06,0.0078125
"244","Age2< 2.5 yrs","Lachnospira","Genus","`Lachnospira`~Age2",-1.47420006347542,0.331462566902794,-4.44756123519598,1.88536865432213e-05,0.000817939247978029,2.66976393395461e-05,0.0546875
"245","Age2< 2.5 yrs","Shewanella","Genus","`Shewanella`~Age2",-7.11054055952044,0.377049579428041,-18.8583702183322,1.68843973437489e-38,2.57307094610658e-35,0.000404292345607646,0.203125
"246","Age2< 2.5 yrs","Lachnospiraceae FCS020 group","Genus","`Lachnospiraceae FCS020 group`~Age2",0.1537092639756,0.213600314171283,0.719611600628749,0.473096817392182,1,1.91323621758855e-05,0.015625
"247","Age2< 2.5 yrs","Muribaculum","Genus","`Muribaculum`~Age2",0.188388152250417,0.250650056966436,0.751598282204434,0.453694271686901,1,3.55641153488582e-05,0.015625
"248","Age2< 2.5 yrs","Ruminobacter","Genus","`Ruminobacter`~Age2",-1.86512575624642,0.417170471021995,-4.47089591858499,1.71627413185195e-05,0.00075811267668089,0.000186286689039128,0.0390625
"249","Age2< 2.5 yrs","Anaerotruncus","Genus","`Anaerotruncus`~Age2",0.171836047095084,0.215986767752513,0.79558599299,0.427768952528065,1,1.61002501746276e-05,0.0234375
"250","Age2< 2.5 yrs","Sutterella","Genus","`Sutterella`~Age2",-1.71008326536617,0.345182147552964,-4.95414747688763,2.28778093232158e-06,0.000116214248539006,4.0956886464443e-05,0.046875
"251","Age2< 2.5 yrs","Turicibacter","Genus","`Turicibacter`~Age2",0.05369785782353,0.284925769645555,0.188462622704607,0.850817216251043,1,1.75462720073754e-05,0.046875
"252","Age2< 2.5 yrs","Lachnospiraceae UCG-001","Genus","`Lachnospiraceae UCG-001`~Age2",0.548032083761024,0.335159319690692,1.6351390266181,0.104515754164758,1,1.9554966612297e-05,0.078125
"253","Age2< 2.5 yrs","Diaminobutyricimonas","Genus","`Diaminobutyricimonas`~Age2",0.0583742333311473,0.108157076790603,0.539717187846734,0.590344639982127,1,7.65456089356282e-07,0.0078125
"254","Age2< 2.5 yrs","[Eubacterium] xylanophilum group","Genus","`[Eubacterium] xylanophilum group`~Age2",0.351853732841344,0.279912505680852,1.25701326557563,0.211073975502408,1,1.50148208802646e-05,0.046875
"255","Age2< 2.5 yrs","[Eubacterium] eligens group","Genus","`[Eubacterium] eligens group`~Age2",-1.20539011682291,0.311759171852623,-3.86641428914475,0.000176003252878797,0.00616591643524783,4.12126125953844e-05,0.03125
"256","Age2< 2.5 yrs","Senegalimassilia","Genus","`Senegalimassilia`~Age2",-0.847887424527717,0.218196817561082,-3.88588355231331,0.000163874248416863,0.0058077572327943,4.98230377852239e-06,0.03125
"257","Age2< 2.5 yrs","Flavonifractor","Genus","`Flavonifractor`~Age2",0.0367706248195154,0.0681294308343499,0.539717187846757,0.590344639982112,1,1.73816179088056e-07,0.0078125
"258","Age2< 2.5 yrs","[Eubacterium] siraeum group","Genus","`[Eubacterium] siraeum group`~Age2",-0.0312168715404565,0.290599401394599,-0.107422353214237,0.914624782664848,1,1.35782647653631e-05,0.0390625
"259","Age2< 2.5 yrs","Incertae Sedis","Genus","`Incertae Sedis`~Age2",0.208902328862612,0.233100028951615,0.896191775703186,0.371859353984091,1,1.62711241407063e-05,0.0234375
"260","Age2< 2.5 yrs","Colidextribacter","Genus","`Colidextribacter`~Age2",-0.529344684362464,0.258252331907294,-2.04971889490038,0.0424668714188916,0.857175032608794,5.5432285405129e-06,0.046875
"261","Age2< 2.5 yrs","Desulfovibrio","Genus","`Desulfovibrio`~Age2",-1.35910197803655,0.39957692366903,-3.40135252445734,0.000898924824606676,0.0279571882656786,3.11460483851933e-05,0.0859375
"262","Age2< 2.5 yrs","Bulleidia","Genus","`Bulleidia`~Age2",-4.0049730595228,0.406606345782532,-9.84975542330766,2.54275287074035e-17,6.45831316099001e-15,7.18191609515233e-05,0.1171875
"263","Age2< 2.5 yrs","CAG-352","Genus","`CAG-352`~Age2",-1.39404045382628,0.32150551330435,-4.33597682197948,2.94184998383068e-05,0.00114953477190074,5.24364831870259e-05,0.0390625
"264","Age2< 2.5 yrs","Qipengyuania","Genus","`Qipengyuania`~Age2",0.113164704049529,0.168960201148722,0.669771362013945,0.50422911600793,1,5.87319640156428e-06,0.015625
"265","Age2< 2.5 yrs","Plot4-2H12","Genus","`Plot4-2H12`~Age2",0.486994165867598,0.364682461824966,1.3353923394905,0.184155398747127,1,3.0292085297488e-05,0.046875
"266","Age2< 2.5 yrs","Candidatus Bacilloplasma","Genus","`Candidatus Bacilloplasma`~Age2",-2.43820188622456,0.384000704832103,-6.34947242425146,3.57374083716831e-09,3.30069433418742e-07,7.87429436158777e-05,0.0703125
"267","Age2< 2.5 yrs","Cuneatibacter","Genus","`Cuneatibacter`~Age2",0.0834758602938837,0.154665929070945,0.539717187846805,0.590344639982078,1,4.28546749367161e-06,0.0078125
"268","Age2< 2.5 yrs","Monoglobus","Genus","`Monoglobus`~Age2",-0.774810754699924,0.239749649358138,-3.23174927168512,0.00157017608815758,0.0447260736206785,1.75855173775355e-05,0.0234375
"269","Age2< 2.5 yrs","Lentimicrobium","Genus","`Lentimicrobium`~Age2",-4.71732218801896,0.447494861920665,-10.5416231323239,5.14500166956896e-19,1.56812873377906e-16,0.000112042915670313,0.140625
"270","Age2< 2.5 yrs","Bilophila","Genus","`Bilophila`~Age2",-0.925685501236348,0.237114665873721,-3.90395717542556,0.000153330398225098,0.00549801006561375,7.06117392795587e-06,0.03125
"271","Age2< 2.5 yrs","Mannheimia","Genus","`Mannheimia`~Age2",0.0822482176292867,0.152391325459594,0.539717187846723,0.590344639982135,1,3.9392363235834e-06,0.0078125
"272","Age2< 2.5 yrs","[Eubacterium] ruminantium group","Genus","`[Eubacterium] ruminantium group`~Age2",-2.17862438009629,0.39857501293717,-5.46603351786058,2.3675282382288e-07,1.44318283912663e-05,8.71208676580349e-05,0.0546875
"273","Age2< 2.5 yrs","Conservatibacter","Genus","`Conservatibacter`~Age2",-0.0550427788551687,0.462820441810878,-0.118929014111397,0.905520997653849,1,4.00105543422389e-05,0.109375
"274","Age2< 2.5 yrs","Lachnospiraceae UCG-010","Genus","`Lachnospiraceae UCG-010`~Age2",-1.33750695405692,0.333800095525893,-4.00691003982402,0.000104560302141425,0.00379388127617565,2.92383374928652e-05,0.046875
"275","Age2< 2.5 yrs","Acetatifactor","Genus","`Acetatifactor`~Age2",0.14287466598539,0.170305459337012,0.838931802548152,0.403096385224917,1,4.06769182457203e-06,0.0234375
"276","Age2< 2.5 yrs","Ottowia","Genus","`Ottowia`~Age2",-0.961877478945975,0.390156607020109,-2.46536252786409,0.0150333924089135,0.327284283668772,9.69748403339729e-05,0.0390625
"277","Age2< 2.5 yrs","Christensenellaceae R-7 group","Genus","`Christensenellaceae R-7 group`~Age2",-1.45969900146187,0.329548730795189,-4.42938741696765,2.02807654922761e-05,0.000846754816921584,3.49270058543896e-05,0.0390625
"278","Age2< 2.5 yrs","Globicatella","Genus","`Globicatella`~Age2",0.0802008969230344,0.148598004156598,0.539717187846722,0.590344639982136,1,3.42292865010403e-06,0.0078125
"279","Age2< 2.5 yrs","[Ruminococcus] gauvreauii group","Genus","`[Ruminococcus] gauvreauii group`~Age2",-0.339319664047523,0.181882183375369,-1.86560144457489,0.0644227218949834,0.953164902577401,1.27781996611952e-05,0.0078125
"280","Age2< 2.5 yrs","UCG-003","Genus","`UCG-003`~Age2",-2.06107184297923,0.35052640954194,-5.87993311451936,3.4564366918878e-08,2.63369093011956e-06,3.69341786686727e-05,0.0625
"281","Age2< 2.5 yrs","Cricetibacter","Genus","`Cricetibacter`~Age2",0.0588239681411609,0.108990355441238,0.539717187846732,0.590344639982129,1,7.89447521195903e-07,0.0078125
"282","Age2< 2.5 yrs","Thiopseudomonas","Genus","`Thiopseudomonas`~Age2",0.165177652038576,0.181404253350964,0.910550050439037,0.364271128683217,1,2.76539020608876e-06,0.0234375
"283","Age2< 2.5 yrs","Eremococcus","Genus","`Eremococcus`~Age2",0.143782558749775,0.191992336205979,0.748897386172322,0.455314829140119,1,6.38739981602681e-06,0.015625
"284","Age2< 2.5 yrs","Prevotellaceae UCG-001","Genus","`Prevotellaceae UCG-001`~Age2",0.0894950293622778,0.118528155385122,0.755052916089771,0.451626273152432,1,6.93266784381583e-07,0.015625
"285","Age2< 2.5 yrs","Spirosoma","Genus","`Spirosoma`~Age2",0.0451066752955636,0.0835746504118595,0.539717187846745,0.59034463998212,1,3.07978870185674e-07,0.0078125
"286","Age2< 2.5 yrs","Lachnospiraceae ND3007 group","Genus","`Lachnospiraceae ND3007 group`~Age2",-0.604756235569382,0.225195946344459,-2.68546679185933,0.00821839876815622,0.196959596488227,1.23661110053107e-05,0.015625
"287","Age2< 2.5 yrs","Rodentibacter","Genus","`Rodentibacter`~Age2",-0.113057265648507,0.273954695030955,-0.412685994068226,0.680538059083788,1,1.89415477511835e-05,0.0234375
"288","Age2< 2.5 yrs","Franconibacter","Genus","`Franconibacter`~Age2",-0.379807060222504,0.203584244280562,-1.86560144457489,0.0644227218949825,0.953164902577401,2.88349611038555e-05,0.0078125
"289","Age2< 2.5 yrs","Terrisporobacter","Genus","`Terrisporobacter`~Age2",-0.317339321957341,0.170100276712454,-1.86560144457489,0.0644227218949836,0.953164902577401,8.21455692505403e-06,0.0078125
"290","Age2< 2.5 yrs","Sporocytophaga","Genus","`Sporocytophaga`~Age2",0.085922103640821,0.159198383108049,0.53971718784672,0.590344639982137,1,5.06875237455066e-06,0.0078125
"291","Age2< 2.5 yrs","Fretibacterium","Genus","`Fretibacterium`~Age2",-1.4434768475521,0.32474655544893,-4.44493351301799,1.90538702666395e-05,0.000817939247978029,3.11159830060725e-05,0.0390625
"292","Age2< 2.5 yrs","Gloeocapsa PCC-7428","Genus","`Gloeocapsa PCC-7428`~Age2",0.0718933892134749,0.133205669251157,0.539717187846723,0.590344639982135,1,1.93560954262017e-06,0.0078125
"293","Age2< 2.5 yrs","Romboutsia","Genus","`Romboutsia`~Age2",0.143479801058265,0.14063376842547,1.02023719242298,0.309570902712856,1,8.83801235702936e-07,0.03125
"294","Age2< 2.5 yrs","Tahibacter","Genus","`Tahibacter`~Age2",0.309050252412395,0.287102959094714,1.07644398158376,0.283785496904999,1,1.87355110596877e-05,0.03125
"295","Age2< 2.5 yrs","Rathayibacter","Genus","`Rathayibacter`~Age2",0.070663645914671,0.13092717353804,0.539717187846725,0.590344639982133,1,1.77897146571221e-06,0.0078125
"296","Age2< 2.5 yrs","Fenollaria","Genus","`Fenollaria`~Age2",0.0772804633030538,0.143186959843494,0.539717187846734,0.590344639982127,1,2.80132290711867e-06,0.0078125
"297","Age2< 2.5 yrs","NK4A214 group","Genus","`NK4A214 group`~Age2",-0.816635356543337,0.25154816218381,-3.24643737983905,0.00149733865290689,0.0430536883928643,2.06376251141964e-05,0.0234375
"298","Age2< 2.5 yrs","Cloacibacterium","Genus","`Cloacibacterium`~Age2",-1.26062326908272,0.293124891938543,-4.30063533924312,3.38180443057204e-05,0.00130472081256903,4.19932962969499e-05,0.0390625
"299","Age2< 2.5 yrs","GCA-900066575","Genus","`GCA-900066575`~Age2",0.186361047509373,0.205104388486511,0.908615602447868,0.365287720732589,1,6.03618930816781e-06,0.0234375
"300","Age2< 2.5 yrs","Proteus","Genus","`Proteus`~Age2",0.0974174319285076,0.138361199379148,0.704080568581638,0.482681810459019,1,1.74529144621442e-06,0.015625
"301","Age2< 2.5 yrs","Akkermansia","Genus","`Akkermansia`~Age2",-0.116473581754427,0.170796624151413,-0.681943114116661,0.496526567636732,1,2.45283956849649e-06,0.0234375
"302","Age2< 2.5 yrs","[Eubacterium] saphenum group","Genus","`[Eubacterium] saphenum group`~Age2",-1.66857935249904,0.30504518638305,-5.46994159220653,2.32574091416011e-07,1.44318283912663e-05,1.66366737974888e-05,0.0546875
"303","Age2< 2.5 yrs","Family XIII UCG-001","Genus","`Family XIII UCG-001`~Age2",-2.18949601418264,0.322098898451241,-6.79758926438579,3.80068081933263e-10,3.8613248245507e-08,1.76411489188612e-05,0.0859375
"304","Age2< 2.5 yrs","Slackia","Genus","`Slackia`~Age2",-0.273238691557642,0.18824818865438,-1.45148111921174,0.149131238838725,1,2.25837754525234e-06,0.03125
"305","Age2< 2.5 yrs","Chitinophaga","Genus","`Chitinophaga`~Age2",-0.352443297376553,0.18891671551898,-1.86560144457489,0.0644227218949831,0.953164902577401,1.66355544829936e-05,0.0078125
"306","Age2< 2.5 yrs","Pseudonocardia","Genus","`Pseudonocardia`~Age2",-0.175948885586591,0.153794806545216,-1.14404959139411,0.254771844134927,1,1.78741755158367e-06,0.015625
"307","Age2< 2.5 yrs","Limnohabitans","Genus","`Limnohabitans`~Age2",0.0742916730607668,0.137649262861477,0.539717187846696,0.590344639982154,1,2.28187230182514e-06,0.0078125
"308","Age2< 2.5 yrs","Family XIII AD3011 group","Genus","`Family XIII AD3011 group`~Age2",-0.590651743612668,0.239310471355096,-2.46813998680502,0.014922707635812,0.327211849681435,8.284999586204e-06,0.0390625
"309","Age2< 2.5 yrs","Lachnospiraceae UCG-006","Genus","`Lachnospiraceae UCG-006`~Age2",0.0905004402062336,0.129154868115266,0.700712574964384,0.484774371649179,1,1.30342663803711e-06,0.015625
"310","Age2< 2.5 yrs","Devosia","Genus","`Devosia`~Age2",0.0389685213018637,0.0722017422816041,0.539717187846758,0.590344639982111,1,2.02111880513612e-07,0.0078125
"311","Age2< 2.5 yrs","Chelatococcus","Genus","`Chelatococcus`~Age2",0.0634998014330218,0.117653843277369,0.539717187846732,0.590344639982129,1,1.08810876058125e-06,0.0078125
"312","Age2< 2.5 yrs","Tsukamurella","Genus","`Tsukamurella`~Age2",0.0643086609905363,0.119152516241167,0.539717187846659,0.590344639982179,1,1.15021205457853e-06,0.0078125
"313","Age2< 2.5 yrs","Prevotellaceae UCG-003","Genus","`Prevotellaceae UCG-003`~Age2",-1.32811517084677,0.304093544170356,-4.3674559894726,2.59677465404576e-05,0.00104195933532829,2.80150014549012e-05,0.0390625
"314","Age2< 2.5 yrs","ASF356","Genus","`ASF356`~Age2",0.0978986449326211,0.127752326507153,0.766315945934177,0.444921638664779,1,8.1205583831006e-07,0.015625
"315","Age2< 2.5 yrs","Clostridioides","Genus","`Clostridioides`~Age2",0.100901485775398,0.133726588973657,0.754535702658758,0.45193554149222,1,1.07140727480984e-06,0.015625
"316","Age2< 2.5 yrs","Robbsia","Genus","`Robbsia`~Age2",0.0620230462852503,0.114917678521049,0.539717187846688,0.590344639982159,1,9.83245788591321e-07,0.0078125
"317","Age2< 2.5 yrs","Faecalibaculum","Genus","`Faecalibaculum`~Age2",0.0700598291286195,0.112469976232071,0.622920280378274,0.534462747648446,1,8.8126251990689e-07,0.015625
"318","Age2< 2.5 yrs","Sphingobacterium","Genus","`Sphingobacterium`~Age2",0.0786346038374806,0.145695941519306,0.539717187846723,0.590344639982135,1,3.07410875381619e-06,0.0078125
"319","Age2< 2.5 yrs","Citrobacter","Genus","`Citrobacter`~Age2",0.0579144500035453,0.107305180023267,0.539717187846733,0.590344639982128,1,7.41682161190906e-07,0.0078125
"320","Age2< 2.5 yrs","TM7a","Genus","`TM7a`~Age2",0.0890074686154859,0.133881418920366,0.664823164657589,0.507378582586514,1,1.73701362540973e-06,0.015625
"321","Age2< 2.5 yrs","Candidatus Arthromitus","Genus","`Candidatus Arthromitus`~Age2",0.0814148425608081,0.113870488844471,0.714977544989799,0.475945586635158,1,7.45514847274866e-07,0.015625
"322","Age2< 2.5 yrs","Oceanobacillus","Genus","`Oceanobacillus`~Age2",0.055117888085056,0.102123647951541,0.539717187846736,0.590344639982126,1,6.12173858882811e-07,0.0078125
"323","Age2< 2.5 yrs","Fournierella","Genus","`Fournierella`~Age2",-1.27224494791906,0.288158324089694,-4.41509004446824,2.1476040336967e-05,0.000884542458220835,1.74054894155097e-05,0.0390625
"324","Age2< 2.5 yrs","Coriobacteriaceae UCG-002","Genus","`Coriobacteriaceae UCG-002`~Age2",0.106203125664009,0.120972894128805,0.87790844741575,0.381664359876875,1,7.02989517587707e-07,0.0234375
"325","Age2< 2.5 yrs","possible genus Sk018","Genus","`possible genus Sk018`~Age2",-0.632126358243746,0.238194948401425,-2.65381932944454,0.00898425982368774,0.207445760955142,2.41391265681402e-05,0.015625
"326","Age2< 2.5 yrs","Hephaestia","Genus","`Hephaestia`~Age2",0.117331720535385,0.153619528596361,0.76378128228526,0.446425439906832,1,1.67443303006739e-06,0.015625
"327","Age2< 2.5 yrs","Paeniclostridium","Genus","`Paeniclostridium`~Age2",0.133664055799539,0.153751168388688,0.86935310606312,0.386307058939885,1,1.79004444438041e-06,0.0234375
"328","Age2< 2.5 yrs","Aequorivita","Genus","`Aequorivita`~Age2",0.0597970839002977,0.110793365945719,0.539717187846733,0.590344639982128,1,8.43964213462181e-07,0.0078125
"329","Age2< 2.5 yrs","Gallicola","Genus","`Gallicola`~Age2",0.0508973861982053,0.0943038082616301,0.539717187846741,0.590344639982122,1,4.58242653959419e-07,0.0078125
"330","Age2< 2.5 yrs","E1B-B3-114","Genus","`E1B-B3-114`~Age2",0.0635174362326569,0.0828042403552195,0.767079511389457,0.444469193338005,1,2.46644864540382e-07,0.015625
"331","Age2< 2.5 yrs","Empedobacter","Genus","`Empedobacter`~Age2",0.0668561918151482,0.123872637967821,0.539717187846726,0.590344639982133,1,1.36993307420288e-06,0.0078125
"332","Age2< 2.5 yrs","Dermatophilus","Genus","`Dermatophilus`~Age2",0.0512945383552206,0.095039660604224,0.539717187846742,0.590344639982122,1,4.70902968371393e-07,0.0078125
"333","Age2< 2.5 yrs","Eubacterium","Genus","`Eubacterium`~Age2",0.116225848146075,0.215345834379995,0.539717187846713,0.590344639982142,1,4.05520063885007e-05,0.0078125
"334","Age2< 2.5 yrs","Dietzia","Genus","`Dietzia`~Age2",0.0508005019867258,0.0941242990415036,0.539717187846738,0.590344639982125,1,4.55206202759013e-07,0.0078125
"335","Age2< 2.5 yrs","Elusimicrobium","Genus","`Elusimicrobium`~Age2",-0.634910343083732,0.236354577358677,-2.68626209899981,0.00819993783629931,0.196959596488227,1.65863465282147e-05,0.015625
"336","Age2< 2.5 yrs","Paludicola","Genus","`Paludicola`~Age2",-0.242514321907607,0.12999256760485,-1.86560144457488,0.0644227218949842,0.953164902577401,1.82545709445645e-06,0.0078125
"337","Age2< 2.5 yrs","Erysipelotrichaceae UCG-003","Genus","`Erysipelotrichaceae UCG-003`~Age2",-1.1147557874656,0.251190466327949,-4.43789051297113,1.96005709674732e-05,0.000829721643412491,7.8776532987631e-06,0.0390625
"338","Age2< 2.5 yrs","Dubosiella","Genus","`Dubosiella`~Age2",0.0233252567512042,0.0432175540754235,0.539717187846792,0.590344639982088,1,6.90862705130954e-08,0.0078125
"339","Age2< 2.5 yrs","Brachyspira","Genus","`Brachyspira`~Age2",-0.93315080903904,0.243385918158974,-3.83403779519211,0.000198085177954624,0.0067081947627306,1.03370145667377e-05,0.03125
"340","Age2< 2.5 yrs","Dermabacter","Genus","`Dermabacter`~Age2",-0.0728014946899106,0.198441615153136,-0.366866066040282,0.714334308514347,1,3.04178326941805e-06,0.0234375
"341","Age2< 2.5 yrs","Marvinbryantia","Genus","`Marvinbryantia`~Age2",-0.167567747633588,0.145767480830291,-1.14955507688768,0.252504501688326,1,1.59533272628491e-06,0.0234375
"342","Age2< 2.5 yrs","Lachnospiraceae AC2044 group","Genus","`Lachnospiraceae AC2044 group`~Age2",-0.217528399489182,0.116599609269037,-1.86560144457488,0.064422721894985,0.953164902577401,1.10470871040724e-06,0.0078125
"343","Age2< 2.5 yrs","Conexibacter","Genus","`Conexibacter`~Age2",0.0494359890817207,0.0915960992069776,0.539717187846737,0.590344639982125,1,4.14517623078572e-07,0.0078125
"344","Age2< 2.5 yrs","Methylotenera","Genus","`Methylotenera`~Age2",0.0866338373305585,0.113855974161079,0.760907259973839,0.448134117499811,1,5.84402720420185e-07,0.015625
"345","Age2< 2.5 yrs","Eggerthia","Genus","`Eggerthia`~Age2",-0.609127451493756,0.187213516203765,-3.25365103890671,0.00146273150493599,0.0424591708707413,4.06140221355953e-06,0.0234375
"346","Age2< 2.5 yrs","Erysipelotrichaceae UCG-006","Genus","`Erysipelotrichaceae UCG-006`~Age2",-0.898101759713923,0.246943860139942,-3.63686612497663,0.00040085250628123,0.013279843857018,7.13560661559082e-06,0.0390625
"347","Age2< 2.5 yrs","CAG-56","Genus","`CAG-56`~Age2",-0.767813787503707,0.229649888571409,-3.34341023320356,0.00109009410725889,0.0332246324083139,7.69739116701892e-06,0.0234375
"348","Age2< 2.5 yrs","Stenoxybacter","Genus","`Stenoxybacter`~Age2",0.0516899398892085,0.0957722693535689,0.539717187846738,0.590344639982125,1,4.83854932345876e-07,0.0078125
"349","Age2< 2.5 yrs","Turneriella","Genus","`Turneriella`~Age2",0.064166097012601,0.118888370534575,0.53971718784673,0.59034463998213,1,1.1390144335909e-06,0.0078125
"350","Age2< 2.5 yrs","UCG-009","Genus","`UCG-009`~Age2",-0.347930275755605,0.186497644910908,-1.86560144457489,0.064422721894983,0.953164902577401,1.51928478824546e-05,0.0078125
"351","Age2< 2.5 yrs","Mucispirillum","Genus","`Mucispirillum`~Age2",0.0763097460115361,0.0994970354596099,0.766954971663588,0.444542970337211,1,3.83092592597552e-07,0.015625
"352","Age2< 2.5 yrs","Phocaeicola","Genus","`Phocaeicola`~Age2",-0.738202307829088,0.220523918962857,-3.34749314859321,0.00107546581654374,0.0331098801789524,6.11388334900742e-06,0.0234375
"353","Age2< 2.5 yrs","Dyadobacter","Genus","`Dyadobacter`~Age2",0.0444107399961575,0.0822852060230621,0.539717187846749,0.590344639982117,1,2.93616649680655e-07,0.0078125
"354","Age2< 2.5 yrs","Anaeroglobus","Genus","`Anaeroglobus`~Age2",-0.528885181921252,0.197035403658418,-2.68421396409617,0.00824755616981207,0.196959596488227,5.81621903107142e-06,0.015625
"355","Age2< 2.5 yrs","Shuttleworthia","Genus","`Shuttleworthia`~Age2",-1.14500441375195,0.255954897764491,-4.47346162840568,1.69859998044756e-05,0.00075811267668089,7.9264342902983e-06,0.0390625
"356","Age2< 2.5 yrs","Candidatus Saccharimonas","Genus","`Candidatus Saccharimonas`~Age2",-0.590307605669925,0.206319620269111,-2.86113169896282,0.00494376995377686,0.129896203244048,3.26962737791661e-06,0.03125
"357","Age2< 2.5 yrs","Herbaspirillum","Genus","`Herbaspirillum`~Age2",0.042623394441766,0.0789735724589663,0.539717187846765,0.590344639982106,1,2.59725302646764e-07,0.0078125
"358","Age2< 2.5 yrs","Chlamydia","Genus","`Chlamydia`~Age2",0.0474765222801795,0.0879655555710425,0.539717187846744,0.590344639982121,1,3.62365655521542e-07,0.0078125
"359","Age2< 2.5 yrs","Georgenia","Genus","`Georgenia`~Age2",0.0401881174102615,0.0744614370548315,0.539717187846751,0.590344639982116,1,2.19754718573317e-07,0.0078125
"360","Age2< 2.5 yrs","Acidovorax","Genus","`Acidovorax`~Age2",-0.262492348407516,0.176599944281793,-1.48636710773062,0.139680023430015,1,6.13058394059261e-06,0.015625
"361","Age2< 2.5 yrs","Saccharopolyspora","Genus","`Saccharopolyspora`~Age2",0.0439582761546756,0.0814468709622744,0.539717187846747,0.590344639982119,1,2.84640284745383e-07,0.0078125
"362","Age2< 2.5 yrs","Erysipelatoclostridium","Genus","`Erysipelatoclostridium`~Age2",0.0858597167856475,0.12118189765505,0.708519328770137,0.479931575886205,1,9.69494106062696e-07,0.015625
"363","Age2< 2.5 yrs","Pseudoflavitalea","Genus","`Pseudoflavitalea`~Age2",-0.261275842556735,0.140049121057725,-1.86560144457488,0.0644227218949839,0.953164902577401,2.66168871727897e-06,0.0078125
"364","Age2< 2.5 yrs","Hespellia","Genus","`Hespellia`~Age2",-0.297168201242818,0.159288149195518,-1.86560144457488,0.0644227218949838,0.953164902577401,5.47637128336936e-06,0.0078125
"365","Age2< 2.5 yrs","UCG-008","Genus","`UCG-008`~Age2",-0.272182278824394,0.145895190859705,-1.86560144457488,0.0644227218949838,0.953164902577401,3.31412613122172e-06,0.0078125
"366","Age2< 2.5 yrs","Aquabacterium","Genus","`Aquabacterium`~Age2",-0.18368832386711,0.187794697856104,-0.978133706457781,0.329882488350405,1,3.97309740084007e-06,0.015625
"367","Age2< 2.5 yrs","[Eubacterium] ventriosum group","Genus","`[Eubacterium] ventriosum group`~Age2",-0.263158281921058,0.206219630390987,-1.27610684502788,0.204265036796584,1,1.01564530949888e-05,0.015625
"368","Age2< 2.5 yrs","Amylolactobacillus","Genus","`Amylolactobacillus`~Age2",0.0441872675247693,0.0818711512617603,0.539717187846703,0.590344639982149,1,2.89148377067989e-07,0.0078125
"369","Age2< 2.5 yrs","Curtobacterium","Genus","`Curtobacterium`~Age2",0.0560628243949994,0.103874446946314,0.539717187846737,0.590344639982125,1,6.53184309135269e-07,0.0078125
"370","Age2< 2.5 yrs","Acetitomaculum","Genus","`Acetitomaculum`~Age2",0.0391090176395378,0.072462057018358,0.539717187846734,0.590344639982128,1,2.04069880651029e-07,0.0078125
"371","Age2< 2.5 yrs","Delftia","Genus","`Delftia`~Age2",0.0507015766450745,0.0939410079700333,0.53971718784674,0.590344639982123,1,4.52126540189611e-07,0.0078125
"372","Age2< 2.5 yrs","Peredibacter","Genus","`Peredibacter`~Age2",0.0630237046965632,0.116771720663565,0.539717187846728,0.590344639982131,1,1.05313412716244e-06,0.0078125
"373","Age2< 2.5 yrs","Flaviaesturariibacter","Genus","`Flaviaesturariibacter`~Age2",-0.24670120307167,0.132236820350386,-1.86560144457488,0.0644227218949839,0.953164902577401,1.98574079251709e-06,0.0078125
"374","Age2< 2.5 yrs","Pelospora","Genus","`Pelospora`~Age2",-0.474047396282763,0.176530264208528,-2.6853604870992,0.00822086919879345,0.196959596488227,3.30583549529484e-06,0.015625
"375","Age2< 2.5 yrs","Frigoribacterium","Genus","`Frigoribacterium`~Age2",0.0381616274040761,0.0707067113358477,0.539717187846757,0.590344639982112,1,1.91225064251622e-07,0.0078125
"376","Age2< 2.5 yrs","Antarcticibacterium","Genus","`Antarcticibacterium`~Age2",0.0546738999126766,0.101301016798825,0.539717187846735,0.590344639982127,1,5.938039173957e-07,0.0078125
"377","Age2< 2.5 yrs","Pseudopropionibacterium","Genus","`Pseudopropionibacterium`~Age2",0.0178102080512347,0.0329991492809182,0.539717187846823,0.590344639982066,1,4.73186597538523e-08,0.0078125
"378","Age2< 2.5 yrs","Desulfomicrobium","Genus","`Desulfomicrobium`~Age2",-0.410719766361483,0.156102719268789,-2.63108655816735,0.009573577782958,0.214551499669715,2.35102614228331e-06,0.015625
"379","Age2< 2.5 yrs","Bergeriella","Genus","`Bergeriella`~Age2",-0.429182522836287,0.168196557580007,-2.55167245401046,0.0119158463470051,0.263173405733808,4.37131239405563e-06,0.015625
"380","Age2< 2.5 yrs","Enterorhabdus","Genus","`Enterorhabdus`~Age2",-0.253870315937695,0.201031910439009,-1.26283591188732,0.20898019034993,1,8.42774942558129e-06,0.015625
"381","Age2< 2.5 yrs","Sediminibacterium","Genus","`Sediminibacterium`~Age2",0.0673998847289154,0.0878581573335367,0.767144301388482,0.444430814712533,1,2.81690428359528e-07,0.015625
"382","Age2< 2.5 yrs","Candidatus Endoecteinascidia","Genus","`Candidatus Endoecteinascidia`~Age2",0.0338463155549196,0.062711205640776,0.539717187846762,0.590344639982108,1,1.42213237435682e-07,0.0078125
"383","Age2< 2.5 yrs","Thermoactinomyces","Genus","`Thermoactinomyces`~Age2",0.0337494313434405,0.0625316964206495,0.539717187846763,0.590344639982108,1,1.41270890511418e-07,0.0078125
"384","Age2< 2.5 yrs","Marmoricola","Genus","`Marmoricola`~Age2",-0.335763019716227,0.156088698707603,-2.15110397162836,0.0333764593332165,0.682731888367441,1.46703547415679e-06,0.0234375
"385","Age2< 2.5 yrs","Meiothermus","Genus","`Meiothermus`~Age2",-0.561779628102913,0.168393988033876,-3.33610264037395,0.00111674169412092,0.0336998175772308,1.91373257959847e-06,0.0234375
"386","Age2< 2.5 yrs","Wolinella","Genus","`Wolinella`~Age2",-0.408471437890416,0.154334521786173,-2.6466628020939,0.00916614879737041,0.208486672221115,2.11307139425359e-06,0.015625
"387","Age2< 2.5 yrs","Chthoniobacter","Genus","`Chthoniobacter`~Age2",-0.253331674278085,0.135790886641285,-1.86560144457488,0.0644227218949841,0.953164902577401,2.26884960249755e-06,0.0078125
"388","Age2< 2.5 yrs","Pygmaiobacter","Genus","`Pygmaiobacter`~Age2",-0.276997080528296,0.148476021678583,-1.86560144457488,0.0644227218949837,0.953164902577401,3.6509141889129e-06,0.0078125
"389","Age2< 2.5 yrs","Varibaculum","Genus","`Varibaculum`~Age2",-0.276997080528296,0.148476021678583,-1.86560144457488,0.0644227218949837,0.953164902577401,3.6509141889129e-06,0.0078125
"390","Age2< 2.5 yrs","Lachnospiraceae UCG-003","Genus","`Lachnospiraceae UCG-003`~Age2",-0.595686083644079,0.221838022888166,-2.68522986226027,0.00822390572782242,0.196959596488227,1.13160195727876e-05,0.015625
"391","Age2< 2.5 yrs","Erwinia","Genus","`Erwinia`~Age2",-0.307588034326559,0.164873389877037,-1.86560144457489,0.0644227218949836,0.953164902577401,6.7523768366465e-06,0.0078125
"392","Age2< 2.5 yrs","Salinimicrobium","Genus","`Salinimicrobium`~Age2",0.0395465441041888,0.0732727157754014,0.539717187846681,0.590344639982164,1,2.10289728776719e-07,0.0078125
"393","Age2< 2.5 yrs","Kytococcus","Genus","`Kytococcus`~Age2",0.0320330171874575,0.0593514861278647,0.539717187846766,0.590344639982105,1,1.25574124899038e-07,0.0078125
"394","Age2< 2.5 yrs","W5053","Genus","`W5053`~Age2",-0.226699146152644,0.12151531443754,-1.86560144457488,0.0644227218949847,0.953164902577401,1.32833373815885e-06,0.0078125
"395","Age2< 2.5 yrs","Azospira","Genus","`Azospira`~Age2",-0.226699146152644,0.12151531443754,-1.86560144457488,0.0644227218949847,0.953164902577401,1.32833373815885e-06,0.0078125
"396","Age2< 2.5 yrs","Sediminispirochaeta","Genus","`Sediminispirochaeta`~Age2",-0.246343203728063,0.132044925482032,-1.86560144457488,0.0644227218949838,0.953164902577401,1.97150221709507e-06,0.0078125
"397","Age2< 2.5 yrs","Quadrisphaera","Genus","`Quadrisphaera`~Age2",0.0412149093961708,0.0763639000651462,0.539717187846748,0.590344639982118,1,2.35797193932547e-07,0.0078125
"398","Age2< 2.5 yrs","Candidatus Berkiella","Genus","`Candidatus Berkiella`~Age2",0.0854363071135209,0.117639001989386,0.726258346880819,0.469027381267784,1,7.99427797463209e-07,0.015625
"399","Age2< 2.5 yrs","Lysinibacillus","Genus","`Lysinibacillus`~Age2",-0.219030441968629,0.117404734331421,-1.86560144457488,0.0644227218949849,0.953164902577401,1.13857177556473e-06,0.0078125
"400","Age2< 2.5 yrs","Tuzzerella","Genus","`Tuzzerella`~Age2",-0.500384962825838,0.186489335006266,-2.68318272896959,0.00827162663118314,0.196959596488227,4.39524870729554e-06,0.015625
"401","Age2< 2.5 yrs","Ammoniphilus","Genus","`Ammoniphilus`~Age2",0.0663500279170875,0.0876169903729771,0.75727353375917,0.450299829640116,1,2.9002284951374e-07,0.015625
"402","Age2< 2.5 yrs","Propioniciclava","Genus","`Propioniciclava`~Age2",0.027840719214944,0.0515839032772247,0.539717187846779,0.590344639982096,1,9.41805936742786e-08,0.0078125
"403","Age2< 2.5 yrs","Gemmata","Genus","`Gemmata`~Age2",-0.217722932010742,0.116703882623952,-1.86560144457488,0.0644227218949846,0.953164902577401,1.10903696553291e-06,0.0078125
"404","Age2< 2.5 yrs","Cerasicoccus","Genus","`Cerasicoccus`~Age2",-0.209960290043325,0.112542949971381,-1.86560144457487,0.0644227218949854,0.953164902577401,9.4880981297061e-07,0.0078125
"405","Age2< 2.5 yrs","GTL1","Genus","`GTL1`~Age2",-0.362542192290383,0.1356440770901,-2.672746205126,0.00851883281668212,0.201273490228092,1.13609031622679e-06,0.015625
"406","Age2< 2.5 yrs","Sulfurospirillum","Genus","`Sulfurospirillum`~Age2",-0.207386558596947,0.11116337800875,-1.86560144457488,0.064422721894985,0.953164902577401,9.00971030537872e-07,0.0078125
"407","Age2< 2.5 yrs","Roseomonas","Genus","`Roseomonas`~Age2",-0.210816925667928,0.12825435562341,-1.64374086668015,0.102722730394168,1,1.46984570444579e-06,0.015625
"408","Age2< 2.5 yrs","Thermus","Genus","`Thermus`~Age2",-0.253615290696826,0.135942910761745,-1.86560144457488,0.0644227218949842,0.953164902577401,2.28182136807056e-06,0.0078125
"409","Age2< 2.5 yrs","Brevibacillus","Genus","`Brevibacillus`~Age2",-0.253615290696826,0.135942910761745,-1.86560144457488,0.0644227218949842,0.953164902577401,2.28182136807056e-06,0.0078125
"410","Age2< 2.5 yrs","hgcI clade","Genus","`hgcI clade`~Age2",-0.284206244495089,0.152340278960199,-1.86560144457488,0.0644227218949837,0.953164902577401,4.22023552290406e-06,0.0078125
"411","Age2< 2.5 yrs","Butyricimonas","Genus","`Butyricimonas`~Age2",-0.284206244495089,0.152340278960199,-1.86560144457488,0.0644227218949837,0.953164902577401,4.22023552290406e-06,0.0078125
"412","Age2< 2.5 yrs","Exiguobacterium","Genus","`Exiguobacterium`~Age2",-0.450840961536164,0.173820653887496,-2.59371341352776,0.0106185646247919,0.236233475860418,4.61738368140748e-06,0.015625
"413","Age2< 2.5 yrs","Atopostipes","Genus","`Atopostipes`~Age2",-0.187639109702663,0.100578347132134,-1.86560144457487,0.0644227218949858,0.953164902577401,6.05784515178537e-07,0.0078125
"414","Age2< 2.5 yrs","Pseudaminobacter","Genus","`Pseudaminobacter`~Age2",0.0234538191402806,0.0434557573269992,0.539717187846791,0.590344639982089,1,6.96984565973772e-08,0.0078125
"415","Age2< 2.5 yrs","Leifsonia","Genus","`Leifsonia`~Age2",0.0295294133003,0.0547127532071181,0.539717187846768,0.590344639982104,1,1.05751815885581e-07,0.0078125
"416","Age2< 2.5 yrs","Pediococcus","Genus","`Pediococcus`~Age2",0.064166097012601,0.118888370534575,0.53971718784673,0.59034463998213,1,1.1390144335909e-06,0.0078125
"417","Age2< 2.5 yrs","Natranaerobius","Genus","`Natranaerobius`~Age2",-0.206621963221523,0.110753539467057,-1.86560144457487,0.0644227218949854,0.953164902577401,8.87229572426325e-07,0.0078125
"418","Age2< 2.5 yrs","Cryptobacterium","Genus","`Cryptobacterium`~Age2",-0.216420579506741,0.116005795415782,-1.86560144457488,0.0644227218949848,0.953164902577401,1.08038029386344e-06,0.0078125
"419","Age2< 2.5 yrs","Schlegelella","Genus","`Schlegelella`~Age2",-0.242514321907607,0.12999256760485,-1.86560144457488,0.0644227218949842,0.953164902577401,1.82545709445645e-06,0.0078125
"420","Age2< 2.5 yrs","Desulfobulbus","Genus","`Desulfobulbus`~Age2",-0.20296066203259,0.108791008188161,-1.86560144457487,0.0644227218949856,0.953164902577401,8.24277273686432e-07,0.0078125
"421","Age2< 2.5 yrs","Synergistes","Genus","`Synergistes`~Age2",-0.20296066203259,0.108791008188161,-1.86560144457487,0.0644227218949856,0.953164902577401,8.24277273686432e-07,0.0078125
"422","Age2< 2.5 yrs","Succiniclasticum","Genus","`Succiniclasticum`~Age2",-0.20296066203259,0.108791008188161,-1.86560144457487,0.0644227218949856,0.953164902577401,8.24277273686432e-07,0.0078125
"423","Age2< 2.5 yrs","Sporosarcina","Genus","`Sporosarcina`~Age2",0.0294455340031792,0.0545573397813373,0.539717187846681,0.590344639982164,1,1.0514486438836e-07,0.0078125
"424","Age2< 2.5 yrs","Solibacillus","Genus","`Solibacillus`~Age2",0.0219320070864475,0.0406361101338,0.539717187846803,0.59034463998208,1,6.2787062449519e-08,0.0078125
"425","Age2< 2.5 yrs","Tabrizicola","Genus","`Tabrizicola`~Age2",0.050496275973029,0.0935606223223859,0.53971718784674,0.590344639982123,1,4.45801614358048e-07,0.0078125
"426","Age2< 2.5 yrs","Weeksella","Genus","`Weeksella`~Age2",0.0599737990400874,0.111120787683935,0.539717187846732,0.590344639982129,1,8.54260825193177e-07,0.0078125
"427","Age2< 2.5 yrs","Bryobacter","Genus","`Bryobacter`~Age2",0.0599737990400874,0.111120787683935,0.539717187846732,0.590344639982129,1,8.54260825193177e-07,0.0078125
"428","Age2< 2.5 yrs","Anaeroplasma","Genus","`Anaeroplasma`~Age2",-0.110026584347461,0.209735733206747,-0.524596274870351,0.600785609675275,1,4.23520119000607e-06,0.0390625
"429","Age2< 2.5 yrs","Haliangium","Genus","`Haliangium`~Age2",0.0704678016073332,0.130564308853075,0.539717187846727,0.590344639982133,1,1.75522354527073e-06,0.0078125
"430","Age2< 2.5 yrs","Taibaiella","Genus","`Taibaiella`~Age2",-0.192310325315355,0.10308221291026,-1.86560144457487,0.064422721894986,0.953164902577401,6.65422179319743e-07,0.0078125
"431","Age2< 2.5 yrs","JCM 18997","Genus","`JCM 18997`~Age2",-0.192310325315355,0.10308221291026,-1.86560144457487,0.064422721894986,0.953164902577401,6.65422179319743e-07,0.0078125
"432","Age2< 2.5 yrs","Flexilinea","Genus","`Flexilinea`~Age2",-0.184547683347939,0.0989212802576885,-1.86560144457487,0.064422721894986,0.953164902577401,5.69285887782366e-07,0.0078125
"433","Age2< 2.5 yrs","Cytophaga","Genus","`Cytophaga`~Age2",-0.207810230417185,0.11139047464907,-1.86560144457488,0.064422721894985,0.953164902577401,9.08676772767805e-07,0.0078125
"434","Age2< 2.5 yrs","Pseudarcicella","Genus","`Pseudarcicella`~Age2",-0.22820268400144,0.122321241048053,-1.86560144457488,0.0644227218949845,0.953164902577401,1.36909282084234e-06,0.0078125
"435","Age2< 2.5 yrs","P3OB-42","Genus","`P3OB-42`~Age2",-0.22820268400144,0.122321241048053,-1.86560144457488,0.0644227218949845,0.953164902577401,1.36909282084234e-06,0.0078125
"436","Age2< 2.5 yrs","Asteroleplasma","Genus","`Asteroleplasma`~Age2",-0.396680587413344,0.149428586069934,-2.65464994246612,0.00896336174544901,0.207445760955142,1.78123145768555e-06,0.015625
"437","Age2< 2.5 yrs","Oxalobacter","Genus","`Oxalobacter`~Age2",-0.258793637799703,0.138718609246507,-1.86560144457488,0.0644227218949842,0.953164902577401,2.53214131374244e-06,0.0078125
"438","Age2< 2.5 yrs","Roseococcus","Genus","`Roseococcus`~Age2",0.0288675112008533,0.0534863662875395,0.539717187846774,0.5903446399821,1,1.01055940256806e-07,0.0078125
"439","Age2< 2.5 yrs","Prosthecobacter","Genus","`Prosthecobacter`~Age2",0.033599012445219,0.062252996943204,0.53971718784676,0.59034463998211,1,1.39820194957823e-07,0.0078125
"440","Age2< 2.5 yrs","Gemmatimonas","Genus","`Gemmatimonas`~Age2",0.033599012445219,0.062252996943204,0.53971718784676,0.59034463998211,1,1.39820194957823e-07,0.0078125
"441","Age2< 2.5 yrs","Segetibacter","Genus","`Segetibacter`~Age2",0.0323385542673163,0.0599175920195034,0.539717187846768,0.590344639982104,1,1.28234761110559e-07,0.0078125
"442","Age2< 2.5 yrs","Candidatus Protochlamydia","Genus","`Candidatus Protochlamydia`~Age2",0.0414739550912596,0.0768438656858856,0.539717187846751,0.590344639982116,1,2.40026230316824e-07,0.0078125
"443","Age2< 2.5 yrs","Lonepinella","Genus","`Lonepinella`~Age2",0.0447845355933237,0.0829777828125064,0.539717187846742,0.590344639982122,1,3.01245469268142e-07,0.0078125
"444","Age2< 2.5 yrs","Symbiobacterium","Genus","`Symbiobacterium`~Age2",-0.16663471704107,0.0893195690460261,-1.86560144457486,0.0644227218949869,0.953164902577401,3.97148158503419e-07,0.0078125
"445","Age2< 2.5 yrs","Hydrogenophilus","Genus","`Hydrogenophilus`~Age2",-0.16663471704107,0.0893195690460261,-1.86560144457486,0.0644227218949869,0.953164902577401,3.97148158503419e-07,0.0078125
"446","Age2< 2.5 yrs","Arboricoccus","Genus","`Arboricoccus`~Age2",-0.163327961908038,0.0875470816036261,-1.86560144457486,0.0644227218949866,0.953164902577401,3.71607962518134e-07,0.0078125
"447","Age2< 2.5 yrs","Candidatus Omnitrophus","Genus","`Candidatus Omnitrophus`~Age2",-0.171161594875601,0.0917460668640324,-1.86560144457486,0.0644227218949865,0.953164902577401,4.34982322318421e-07,0.0078125
"448","Age2< 2.5 yrs","Calothrix KVSF5","Genus","`Calothrix KVSF5`~Age2",-0.169796938346364,0.0910145834417801,-1.86560144457486,0.0644227218949867,0.953164902577401,4.23212351029252e-07,0.0078125
"449","Age2< 2.5 yrs","Blastocatella","Genus","`Blastocatella`~Age2",-0.161802831187038,0.0867295807781228,-1.86560144457486,0.064422721894987,0.953164902577401,3.60388412215149e-07,0.0078125
"450","Age2< 2.5 yrs","Anaerovorax","Genus","`Anaerovorax`~Age2",-0.184020620208834,0.0986387637852461,-1.86560144457487,0.0644227218949859,0.953164902577401,5.63286347741447e-07,0.0078125
"451","Age2< 2.5 yrs","Pseudorhodobacter","Genus","`Pseudorhodobacter`~Age2",-0.208031563286917,0.111509113531118,-1.86560144457488,0.0644227218949847,0.953164902577401,9.12728547228226e-07,0.0078125
"452","Age2< 2.5 yrs","Luteimonas","Genus","`Luteimonas`~Age2",-0.400425348272222,0.151952990843079,-2.63519227920784,0.0094646275589857,0.213681022403159,2.04848262137677e-06,0.015625
"453","Age2< 2.5 yrs","Neochlamydia","Genus","`Neochlamydia`~Age2",0.0229587990723568,0.0425385731441147,0.539717187846795,0.590344639982086,1,6.73706268378707e-08,0.0078125
"454","Age2< 2.5 yrs","Cellulosilyticum","Genus","`Cellulosilyticum`~Age2",0.0290117020623742,0.0537535263201784,0.539717187846773,0.590344639982101,1,1.02060811914171e-07,0.0078125
"455","Age2< 2.5 yrs","Vogesella","Genus","`Vogesella`~Age2",0.0290117020623742,0.0537535263201784,0.539717187846773,0.590344639982101,1,1.02060811914171e-07,0.0078125
